State,Year,Primary_Fuel,Production_Amount
New South Wales,2000-01,Black coal,110240.00
New South Wales,2000-01,Brown coal,0.00
New South Wales,2000-01,Crude oil and NGL,0.00
New South Wales,2000-01,Naturally occurring LPG,0.00
New South Wales,2000-01,Natural gas a,222.00
New South Wales,2000-01,Ethane,0.00
New South Wales,2000-01,Liquid/gas biofuels,0.00
New South Wales,2000-01,Wood,1969.00
New South Wales,2000-01,Bagasse,0.00
New South Wales,2000-01,Hydro-electricity,5157.00
New South Wales,2000-01,Wind b,0.00
New South Wales,2000-01,Solar PV,0.00
New South Wales,2000-01,Solar hotwater,0.60
New South Wales,2001-02,Black coal,114329.00
New South Wales,2001-02,Brown coal,0.00
New South Wales,2001-02,Crude oil and NGL,0.00
New South Wales,2001-02,Naturally occurring LPG,0.00
New South Wales,2001-02,Natural gas a,230.00
New South Wales,2001-02,Ethane,0.00
New South Wales,2001-02,Liquid/gas biofuels,0.00
New South Wales,2001-02,Wood,1574.00
New South Wales,2001-02,Bagasse,0.00
New South Wales,2001-02,Hydro-electricity,4274.00
New South Wales,2001-02,Wind b,0.00
New South Wales,2001-02,Solar PV,0.00
New South Wales,2001-02,Solar hotwater,0.70
New South Wales,2002-03,Black coal,111532.80
New South Wales,2002-03,Brown coal,0.00
New South Wales,2002-03,Crude oil and NGL,0.00
New South Wales,2002-03,Naturally occurring LPG,0.00
New South Wales,2002-03,Natural gas a,211.00
New South Wales,2002-03,Ethane,0.00
New South Wales,2002-03,Liquid/gas biofuels,5.00
New South Wales,2002-03,Wood,1914.50
New South Wales,2002-03,Bagasse,657.90
New South Wales,2002-03,Hydro-electricity,4868.00
New South Wales,2002-03,Wind b,0.00
New South Wales,2002-03,Solar PV,0.00
New South Wales,2002-03,Solar hotwater,0.70
New South Wales,2003-04,Black coal,114239.30
New South Wales,2003-04,Brown coal,0.00
New South Wales,2003-04,Crude oil and NGL,0.00
New South Wales,2003-04,Naturally occurring LPG,0.00
New South Wales,2003-04,Natural gas a,213.00
New South Wales,2003-04,Ethane,0.00
New South Wales,2003-04,Liquid/gas biofuels,4.20
New South Wales,2003-04,Wood,1862.90
New South Wales,2003-04,Bagasse,650.30
New South Wales,2003-04,Hydro-electricity,4811.00
New South Wales,2003-04,Wind b,0.00
New South Wales,2003-04,Solar PV,0.00
New South Wales,2003-04,Solar hotwater,0.60
New South Wales,2004-05,Black coal,119834.80
New South Wales,2004-05,Brown coal,0.00
New South Wales,2004-05,Crude oil and NGL,0.00
New South Wales,2004-05,Naturally occurring LPG,0.00
New South Wales,2004-05,Natural gas a,210.00
New South Wales,2004-05,Ethane,0.00
New South Wales,2004-05,Liquid/gas biofuels,4.70
New South Wales,2004-05,Wood,1791.20
New South Wales,2004-05,Bagasse,665.40
New South Wales,2004-05,Hydro-electricity,4434.00
New South Wales,2004-05,Wind b,0.00
New South Wales,2004-05,Solar PV,0.00
New South Wales,2004-05,Solar hotwater,0.60
New South Wales,2005-06,Black coal,124611.00
New South Wales,2005-06,Brown coal,0.00
New South Wales,2005-06,Crude oil and NGL,0.00
New South Wales,2005-06,Naturally occurring LPG,0.00
New South Wales,2005-06,Natural gas a,260.00
New South Wales,2005-06,Ethane,0.00
New South Wales,2005-06,Liquid/gas biofuels,5.40
New South Wales,2005-06,Wood,1749.90
New South Wales,2005-06,Bagasse,686.30
New South Wales,2005-06,Hydro-electricity,5621.00
New South Wales,2005-06,Wind b,0.00
New South Wales,2005-06,Solar PV,0.00
New South Wales,2005-06,Solar hotwater,0.60
New South Wales,2006-07,Black coal,130884.60
New South Wales,2006-07,Brown coal,0.00
New South Wales,2006-07,Crude oil and NGL,0.00
New South Wales,2006-07,Naturally occurring LPG,0.00
New South Wales,2006-07,Natural gas a,285.00
New South Wales,2006-07,Ethane,0.00
New South Wales,2006-07,Liquid/gas biofuels,5.80
New South Wales,2006-07,Wood,1732.60
New South Wales,2006-07,Bagasse,772.10
New South Wales,2006-07,Hydro-electricity,4639.00
New South Wales,2006-07,Wind b,0.00
New South Wales,2006-07,Solar PV,0.00
New South Wales,2006-07,Solar hotwater,1.50
New South Wales,2007-08,Black coal,134977.60
New South Wales,2007-08,Brown coal,0.00
New South Wales,2007-08,Crude oil and NGL,0.00
New South Wales,2007-08,Naturally occurring LPG,0.00
New South Wales,2007-08,Natural gas a,140.00
New South Wales,2007-08,Ethane,0.00
New South Wales,2007-08,Liquid/gas biofuels,7.10
New South Wales,2007-08,Wood,1807.30
New South Wales,2007-08,Bagasse,653.10
New South Wales,2007-08,Hydro-electricity,2642.00
New South Wales,2007-08,Wind b,0.00
New South Wales,2007-08,Solar PV,0.00
New South Wales,2007-08,Solar hotwater,1.70
New South Wales,2008-09,Black coal,137798.10
New South Wales,2008-09,Brown coal,0.00
New South Wales,2008-09,Crude oil and NGL,0.00
New South Wales,2008-09,Naturally occurring LPG,0.00
New South Wales,2008-09,Natural gas a,125.00
New South Wales,2008-09,Ethane,0.00
New South Wales,2008-09,Liquid/gas biofuels,8.60
New South Wales,2008-09,Wood,1907.60
New South Wales,2008-09,Bagasse,735.60
New South Wales,2008-09,Hydro-electricity,1497.00
New South Wales,2008-09,Wind b,41.30
New South Wales,2008-09,Solar PV,36.30
New South Wales,2008-09,Solar hotwater,2.50
New South Wales,2009-10,Black coal,147299.00
New South Wales,2009-10,Brown coal,0.00
New South Wales,2009-10,Crude oil and NGL,0.00
New South Wales,2009-10,Naturally occurring LPG,0.00
New South Wales,2009-10,Natural gas a,169.40
New South Wales,2009-10,Ethane,0.00
New South Wales,2009-10,Liquid/gas biofuels,10.70
New South Wales,2009-10,Wood,2037.70
New South Wales,2009-10,Bagasse,542.00
New South Wales,2009-10,Hydro-electricity,2689.50
New South Wales,2009-10,Wind b,432.50
New South Wales,2009-10,Solar PV,119.20
New South Wales,2009-10,Solar hotwater,3.10
New South Wales,2010-11,Black coal,156951.30
New South Wales,2010-11,Brown coal,0.00
New South Wales,2010-11,Crude oil and NGL,0.00
New South Wales,2010-11,Naturally occurring LPG,0.00
New South Wales,2010-11,Natural gas a,148.00
New South Wales,2010-11,Ethane,0.00
New South Wales,2010-11,Liquid/gas biofuels,13.10
New South Wales,2010-11,Wood,2106.10
New South Wales,2010-11,Bagasse,541.20
New South Wales,2010-11,Hydro-electricity,2474.90
New South Wales,2010-11,Wind b,530.10
New South Wales,2010-11,Solar PV,526.30
New South Wales,2010-11,Solar hotwater,3.50
New South Wales,2011-12,Black coal,167170.90
New South Wales,2011-12,Brown coal,0.00
New South Wales,2011-12,Crude oil and NGL,0.00
New South Wales,2011-12,Naturally occurring LPG,0.00
New South Wales,2011-12,Natural gas a,147.90
New South Wales,2011-12,Ethane,0.00
New South Wales,2011-12,Liquid/gas biofuels,15.00
New South Wales,2011-12,Wood,2092.40
New South Wales,2011-12,Bagasse,512.50
New South Wales,2011-12,Hydro-electricity,2446.90
New South Wales,2011-12,Wind b,697.60
New South Wales,2011-12,Solar PV,657.70
New South Wales,2011-12,Solar hotwater,3.60
New South Wales,2012-13,Black coal,185552.50
New South Wales,2012-13,Brown coal,0.00
New South Wales,2012-13,Crude oil and NGL,0.00
New South Wales,2012-13,Naturally occurring LPG,0.00
New South Wales,2012-13,Natural gas a,140.00
New South Wales,2012-13,Ethane,0.00
New South Wales,2012-13,Liquid/gas biofuels,14.30
New South Wales,2012-13,Wood,1986.00
New South Wales,2012-13,Bagasse,287.00
New South Wales,2012-13,Hydro-electricity,3298.10
New South Wales,2012-13,Wind b,832.60
New South Wales,2012-13,Solar PV,857.60
New South Wales,2012-13,Solar hotwater,3.70
New South Wales,2013-14,Black coal,196634.70
New South Wales,2013-14,Brown coal,0.00
New South Wales,2013-14,Crude oil and NGL,0.00
New South Wales,2013-14,Naturally occurring LPG,0.00
New South Wales,2013-14,Natural gas a,128.00
New South Wales,2013-14,Ethane,0.00
New South Wales,2013-14,Liquid/gas biofuels,14.50
New South Wales,2013-14,Wood,2077.40
New South Wales,2013-14,Bagasse,445.20
New South Wales,2013-14,Hydro-electricity,2721.10
New South Wales,2013-14,Wind b,899.20
New South Wales,2013-14,Solar PV,975.50
New South Wales,2013-14,Solar hotwater,3.70
New South Wales,2014-15,Black coal,196413.00
New South Wales,2014-15,Brown coal,0.00
New South Wales,2014-15,Crude oil and NGL,0.00
New South Wales,2014-15,Naturally occurring LPG,0.00
New South Wales,2014-15,Natural gas a,113.00
New South Wales,2014-15,Ethane,0.00
New South Wales,2014-15,Liquid/gas biofuels,13.50
New South Wales,2014-15,Wood,2041.20
New South Wales,2014-15,Bagasse,472.90
New South Wales,2014-15,Hydro-electricity,1771.00
New South Wales,2014-15,Wind b,1376.00
New South Wales,2014-15,Solar PV,1271.40
New South Wales,2014-15,Solar hotwater,4.00
New South Wales,2015-16,Black coal,191330.70
New South Wales,2015-16,Brown coal,0.00
New South Wales,2015-16,Crude oil and NGL,0.00
New South Wales,2015-16,Naturally occurring LPG,0.00
New South Wales,2015-16,Natural gas a,142.20
New South Wales,2015-16,Ethane,0.00
New South Wales,2015-16,Liquid/gas biofuels,10.40
New South Wales,2015-16,Wood,2275.80
New South Wales,2015-16,Bagasse,644.30
New South Wales,2015-16,Hydro-electricity,3170.20
New South Wales,2015-16,Wind b,1898.80
New South Wales,2015-16,Solar PV,1861.50
New South Wales,2015-16,Solar hotwater,4.00
New South Wales,2016-17,Black coal,198160.60
New South Wales,2016-17,Brown coal,0.00
New South Wales,2016-17,Crude oil and NGL,0.00
New South Wales,2016-17,Naturally occurring LPG,0.00
New South Wales,2016-17,Natural gas a,144.70
New South Wales,2016-17,Ethane,0.00
New South Wales,2016-17,Liquid/gas biofuels,10.10
New South Wales,2016-17,Wood,2307.50
New South Wales,2016-17,Bagasse,627.90
New South Wales,2016-17,Hydro-electricity,3290.60
New South Wales,2016-17,Wind b,1872.00
New South Wales,2016-17,Solar PV,2274.40
New South Wales,2016-17,Solar hotwater,4.20
New South Wales,2017-18,Black coal,194276.00
New South Wales,2017-18,Brown coal,0.00
New South Wales,2017-18,Crude oil and NGL,0.00
New South Wales,2017-18,Naturally occurring LPG,0.00
New South Wales,2017-18,Natural gas a,150.90
New South Wales,2017-18,Ethane,0.00
New South Wales,2017-18,Liquid/gas biofuels,10.70
New South Wales,2017-18,Wood,2217.20
New South Wales,2017-18,Bagasse,668.10
New South Wales,2017-18,Hydro-electricity,2915.50
New South Wales,2017-18,Wind b,2431.60
New South Wales,2017-18,Solar PV,2795.80
New South Wales,2017-18,Solar hotwater,4.30
New South Wales,2018-19,Black coal,196610.40
New South Wales,2018-19,Brown coal,0.00
New South Wales,2018-19,Crude oil and NGL,0.00
New South Wales,2018-19,Naturally occurring LPG,0.00
New South Wales,2018-19,Natural gas a,125.60
New South Wales,2018-19,Ethane,0.00
New South Wales,2018-19,Liquid/gas biofuels,10.30
New South Wales,2018-19,Wood,2135.60
New South Wales,2018-19,Bagasse,542.10
New South Wales,2018-19,Hydro-electricity,2160.30
New South Wales,2018-19,Wind b,3739.70
New South Wales,2018-19,Solar PV,4065.30
New South Wales,2018-19,Solar hotwater,4.40
New South Wales,2019-20,Black coal,199657.30
New South Wales,2019-20,Brown coal,0.00
New South Wales,2019-20,Crude oil and NGL,0.00
New South Wales,2019-20,Naturally occurring LPG,0.00
New South Wales,2019-20,Natural gas a,119.70
New South Wales,2019-20,Ethane,0.00
New South Wales,2019-20,Liquid/gas biofuels,9.20
New South Wales,2019-20,Wood,2043.60
New South Wales,2019-20,Bagasse,508.20
New South Wales,2019-20,Hydro-electricity,2110.10
New South Wales,2019-20,Wind b,4574.30
New South Wales,2019-20,Solar PV,5501.90
New South Wales,2019-20,Solar hotwater,4.50
New South Wales,2020-21,Black coal,186192.00
New South Wales,2020-21,Brown coal,0.00
New South Wales,2020-21,Crude oil and NGL,0.00
New South Wales,2020-21,Naturally occurring LPG,0.00
New South Wales,2020-21,Natural gas a,115.10
New South Wales,2020-21,Ethane,0.00
New South Wales,2020-21,Liquid/gas biofuels,9.70
New South Wales,2020-21,Wood,2063.20
New South Wales,2020-21,Bagasse,527.60
New South Wales,2020-21,Hydro-electricity,2964.20
New South Wales,2020-21,Wind b,4805.90
New South Wales,2020-21,Solar PV,8260.90
New South Wales,2020-21,Solar hotwater,4.70
New South Wales,2021-22,Black coal,177750.30
New South Wales,2021-22,Brown coal,0.00
New South Wales,2021-22,Crude oil and NGL,0.00
New South Wales,2021-22,Naturally occurring LPG,0.00
New South Wales,2021-22,Natural gas a,112.60
New South Wales,2021-22,Ethane,0.00
New South Wales,2021-22,Liquid/gas biofuels,9.20
New South Wales,2021-22,Wood,2012.70
New South Wales,2021-22,Bagasse,463.10
New South Wales,2021-22,Hydro-electricity,3315.50
New South Wales,2021-22,Wind b,5973.40
New South Wales,2021-22,Solar PV,11215.80
New South Wales,2021-22,Solar hotwater,4.90
New South Wales,2022-23,Black coal,167189.40
New South Wales,2022-23,Brown coal,0.00
New South Wales,2022-23,Crude oil and NGL,0.00
New South Wales,2022-23,Naturally occurring LPG,0.00
New South Wales,2022-23,Natural gas a,77.30
New South Wales,2022-23,Ethane,0.00
New South Wales,2022-23,Liquid/gas biofuels,9.30
New South Wales,2022-23,Wood,2118.20
New South Wales,2022-23,Bagasse,444.10
New South Wales,2022-23,Hydro-electricity,3752.10
New South Wales,2022-23,Wind b,6210.90
New South Wales,2022-23,Solar PV,13624.50
New South Wales,2022-23,Solar hotwater,6.00
Victoria,2000-01,Black coal,0.00
Victoria,2000-01,Brown coal,64958.00
Victoria,2000-01,Crude oil and NGL,9409.00
Victoria,2000-01,Naturally occurring LPG,1725.00
Victoria,2000-01,Natural gas a,6359.00
Victoria,2000-01,Ethane,332.00
Victoria,2000-01,Liquid/gas biofuels,0.00
Victoria,2000-01,Wood,2003.00
Victoria,2000-01,Bagasse,0.00
Victoria,2000-01,Hydro-electricity,625.00
Victoria,2000-01,Wind b,0.00
Victoria,2000-01,Solar PV,0.00
Victoria,2000-01,Solar hotwater,0.20
Victoria,2001-02,Black coal,0.00
Victoria,2001-02,Brown coal,66661.00
Victoria,2001-02,Crude oil and NGL,9085.00
Victoria,2001-02,Naturally occurring LPG,1799.00
Victoria,2001-02,Natural gas a,6533.00
Victoria,2001-02,Ethane,269.00
Victoria,2001-02,Liquid/gas biofuels,0.00
Victoria,2001-02,Wood,1995.00
Victoria,2001-02,Bagasse,0.00
Victoria,2001-02,Hydro-electricity,761.00
Victoria,2001-02,Wind b,0.00
Victoria,2001-02,Solar PV,0.00
Victoria,2001-02,Solar hotwater,0.20
Victoria,2002-03,Black coal,0.00
Victoria,2002-03,Brown coal,66809.00
Victoria,2002-03,Crude oil and NGL,7155.30
Victoria,2002-03,Naturally occurring LPG,1969.60
Victoria,2002-03,Natural gas a,6888.40
Victoria,2002-03,Ethane,162.90
Victoria,2002-03,Liquid/gas biofuels,2.40
Victoria,2002-03,Wood,1892.70
Victoria,2002-03,Bagasse,0.00
Victoria,2002-03,Hydro-electricity,1064.00
Victoria,2002-03,Wind b,0.00
Victoria,2002-03,Solar PV,0.00
Victoria,2002-03,Solar hotwater,0.20
Victoria,2003-04,Black coal,0.00
Victoria,2003-04,Brown coal,66343.00
Victoria,2003-04,Crude oil and NGL,6555.30
Victoria,2003-04,Naturally occurring LPG,1975.70
Victoria,2003-04,Natural gas a,7655.00
Victoria,2003-04,Ethane,172.10
Victoria,2003-04,Liquid/gas biofuels,2.40
Victoria,2003-04,Wood,1850.80
Victoria,2003-04,Bagasse,0.00
Victoria,2003-04,Hydro-electricity,854.00
Victoria,2003-04,Wind b,0.00
Victoria,2003-04,Solar PV,0.00
Victoria,2003-04,Solar hotwater,0.20
Victoria,2004-05,Black coal,0.00
Victoria,2004-05,Brown coal,67152.00
Victoria,2004-05,Crude oil and NGL,4939.10
Victoria,2004-05,Naturally occurring LPG,1977.40
Victoria,2004-05,Natural gas a,7982.70
Victoria,2004-05,Ethane,182.00
Victoria,2004-05,Liquid/gas biofuels,2.00
Victoria,2004-05,Wood,1805.40
Victoria,2004-05,Bagasse,0.00
Victoria,2004-05,Hydro-electricity,817.00
Victoria,2004-05,Wind b,0.00
Victoria,2004-05,Solar PV,0.00
Victoria,2004-05,Solar hotwater,0.20
Victoria,2005-06,Black coal,0.00
Victoria,2005-06,Brown coal,67737.00
Victoria,2005-06,Crude oil and NGL,4277.10
Victoria,2005-06,Naturally occurring LPG,1941.90
Victoria,2005-06,Natural gas a,8478.60
Victoria,2005-06,Ethane,186.70
Victoria,2005-06,Liquid/gas biofuels,1.90
Victoria,2005-06,Wood,1735.30
Victoria,2005-06,Bagasse,0.00
Victoria,2005-06,Hydro-electricity,465.00
Victoria,2005-06,Wind b,0.00
Victoria,2005-06,Solar PV,0.00
Victoria,2005-06,Solar hotwater,0.20
Victoria,2006-07,Black coal,0.00
Victoria,2006-07,Brown coal,65613.00
Victoria,2006-07,Crude oil and NGL,4419.60
Victoria,2006-07,Naturally occurring LPG,1907.80
Victoria,2006-07,Natural gas a,9441.60
Victoria,2006-07,Ethane,190.20
Victoria,2006-07,Liquid/gas biofuels,1.80
Victoria,2006-07,Wood,1691.30
Victoria,2006-07,Bagasse,0.00
Victoria,2006-07,Hydro-electricity,590.00
Victoria,2006-07,Wind b,0.00
Victoria,2006-07,Solar PV,0.00
Victoria,2006-07,Solar hotwater,0.40
Victoria,2007-08,Black coal,0.00
Victoria,2007-08,Brown coal,66033.00
Victoria,2007-08,Crude oil and NGL,4042.40
Victoria,2007-08,Naturally occurring LPG,1889.60
Victoria,2007-08,Natural gas a,10789.20
Victoria,2007-08,Ethane,194.90
Victoria,2007-08,Liquid/gas biofuels,3.80
Victoria,2007-08,Wood,1638.80
Victoria,2007-08,Bagasse,0.00
Victoria,2007-08,Hydro-electricity,1583.00
Victoria,2007-08,Wind b,0.00
Victoria,2007-08,Solar PV,0.00
Victoria,2007-08,Solar hotwater,0.60
Victoria,2008-09,Black coal,0.00
Victoria,2008-09,Brown coal,68252.00
Victoria,2008-09,Crude oil and NGL,4420.50
Victoria,2008-09,Naturally occurring LPG,1764.00
Victoria,2008-09,Natural gas a,10528.20
Victoria,2008-09,Ethane,139.00
Victoria,2008-09,Liquid/gas biofuels,4.00
Victoria,2008-09,Wood,1134.00
Victoria,2008-09,Bagasse,0.00
Victoria,2008-09,Hydro-electricity,2234.50
Victoria,2008-09,Wind b,573.00
Victoria,2008-09,Solar PV,24.10
Victoria,2008-09,Solar hotwater,1.10
Victoria,2009-10,Black coal,0.00
Victoria,2009-10,Brown coal,68751.00
Victoria,2009-10,Crude oil and NGL,4659.70
Victoria,2009-10,Naturally occurring LPG,1738.50
Victoria,2009-10,Natural gas a,9391.60
Victoria,2009-10,Ethane,172.60
Victoria,2009-10,Liquid/gas biofuels,4.20
Victoria,2009-10,Wood,1089.00
Victoria,2009-10,Bagasse,0.00
Victoria,2009-10,Hydro-electricity,1975.00
Victoria,2009-10,Wind b,1406.00
Victoria,2009-10,Solar PV,66.20
Victoria,2009-10,Solar hotwater,1.70
Victoria,2010-11,Black coal,0.00
Victoria,2010-11,Brown coal,66733.00
Victoria,2010-11,Crude oil and NGL,3978.70
Victoria,2010-11,Naturally occurring LPG,1645.80
Victoria,2010-11,Natural gas a,13438.20
Victoria,2010-11,Ethane,150.80
Victoria,2010-11,Liquid/gas biofuels,5.50
Victoria,2010-11,Wood,1062.90
Victoria,2010-11,Bagasse,0.00
Victoria,2010-11,Hydro-electricity,3910.60
Victoria,2010-11,Wind b,1434.40
Victoria,2010-11,Solar PV,205.50
Victoria,2010-11,Solar hotwater,2.00
Victoria,2011-12,Black coal,0.00
Victoria,2011-12,Brown coal,69124.00
Victoria,2011-12,Crude oil and NGL,3194.10
Victoria,2011-12,Naturally occurring LPG,1645.20
Victoria,2011-12,Natural gas a,12652.60
Victoria,2011-12,Ethane,160.00
Victoria,2011-12,Liquid/gas biofuels,6.20
Victoria,2011-12,Wood,1081.90
Victoria,2011-12,Bagasse,0.00
Victoria,2011-12,Hydro-electricity,2393.30
Victoria,2011-12,Wind b,1416.20
Victoria,2011-12,Solar PV,378.70
Victoria,2011-12,Solar hotwater,2.20
Victoria,2012-13,Black coal,0.00
Victoria,2012-13,Brown coal,59854.00
Victoria,2012-13,Crude oil and NGL,3016.90
Victoria,2012-13,Naturally occurring LPG,1688.10
Victoria,2012-13,Natural gas a,12951.40
Victoria,2012-13,Ethane,163.20
Victoria,2012-13,Liquid/gas biofuels,6.00
Victoria,2012-13,Wood,1600.10
Victoria,2012-13,Bagasse,0.00
Victoria,2012-13,Hydro-electricity,3293.80
Victoria,2012-13,Wind b,2005.10
Victoria,2012-13,Solar PV,580.10
Victoria,2012-13,Solar hotwater,2.40
Victoria,2013-14,Black coal,0.00
Victoria,2013-14,Brown coal,58606.30
Victoria,2013-14,Crude oil and NGL,3055.40
Victoria,2013-14,Naturally occurring LPG,1929.00
Victoria,2013-14,Natural gas a,12658.90
Victoria,2013-14,Ethane,187.40
Victoria,2013-14,Liquid/gas biofuels,7.00
Victoria,2013-14,Wood,1604.20
Victoria,2013-14,Bagasse,4.50
Victoria,2013-14,Hydro-electricity,2595.00
Victoria,2013-14,Wind b,2771.90
Victoria,2013-14,Solar PV,678.60
Victoria,2013-14,Solar hotwater,2.40
Victoria,2014-15,Black coal,0.00
Victoria,2014-15,Brown coal,62894.80
Victoria,2014-15,Crude oil and NGL,2746.80
Victoria,2014-15,Naturally occurring LPG,1665.90
Victoria,2014-15,Natural gas a,11259.30
Victoria,2014-15,Ethane,158.80
Victoria,2014-15,Liquid/gas biofuels,6.60
Victoria,2014-15,Wood,1635.20
Victoria,2014-15,Bagasse,0.00
Victoria,2014-15,Hydro-electricity,2513.60
Victoria,2014-15,Wind b,3067.80
Victoria,2014-15,Solar PV,883.90
Victoria,2014-15,Solar hotwater,2.90
Victoria,2015-16,Black coal,0.00
Victoria,2015-16,Brown coal,60638.70
Victoria,2015-16,Crude oil and NGL,2417.80
Victoria,2015-16,Naturally occurring LPG,1740.60
Victoria,2015-16,Natural gas a,10982.60
Victoria,2015-16,Ethane,0.00
Victoria,2015-16,Liquid/gas biofuels,5.90
Victoria,2015-16,Wood,1601.50
Victoria,2015-16,Bagasse,8.40
Victoria,2015-16,Hydro-electricity,3228.50
Victoria,2015-16,Wind b,3341.80
Victoria,2015-16,Solar PV,1067.60
Victoria,2015-16,Solar hotwater,2.90
Victoria,2016-17,Black coal,0.00
Victoria,2016-17,Brown coal,56718.60
Victoria,2016-17,Crude oil and NGL,2322.10
Victoria,2016-17,Naturally occurring LPG,1729.60
Victoria,2016-17,Natural gas a,11446.60
Victoria,2016-17,Ethane,0.00
Victoria,2016-17,Liquid/gas biofuels,5.40
Victoria,2016-17,Wood,1631.30
Victoria,2016-17,Bagasse,8.10
Victoria,2016-17,Hydro-electricity,3673.30
Victoria,2016-17,Wind b,3560.90
Victoria,2016-17,Solar PV,1245.50
Victoria,2016-17,Solar hotwater,3.20
Victoria,2017-18,Black coal,0.00
Victoria,2017-18,Brown coal,45955.80
Victoria,2017-18,Crude oil and NGL,1962.70
Victoria,2017-18,Naturally occurring LPG,1567.10
Victoria,2017-18,Natural gas a,10663.10
Victoria,2017-18,Ethane,0.00
Victoria,2017-18,Liquid/gas biofuels,6.00
Victoria,2017-18,Wood,1566.90
Victoria,2017-18,Bagasse,8.70
Victoria,2017-18,Hydro-electricity,2803.10
Victoria,2017-18,Wind b,4303.90
Victoria,2017-18,Solar PV,1520.60
Victoria,2017-18,Solar hotwater,3.50
Victoria,2018-19,Black coal,0.00
Victoria,2018-19,Brown coal,43315.20
Victoria,2018-19,Crude oil and NGL,1663.80
Victoria,2018-19,Naturally occurring LPG,1472.70
Victoria,2018-19,Natural gas a,9844.20
Victoria,2018-19,Ethane,0.00
Victoria,2018-19,Liquid/gas biofuels,6.30
Victoria,2018-19,Wood,1606.70
Victoria,2018-19,Bagasse,8.70
Victoria,2018-19,Hydro-electricity,2702.80
Victoria,2018-19,Wind b,4863.70
Victoria,2018-19,Solar PV,2362.40
Victoria,2018-19,Solar hotwater,3.90
Victoria,2019-20,Black coal,0.00
Victoria,2019-20,Brown coal,41513.40
Victoria,2019-20,Crude oil and NGL,1494.40
Victoria,2019-20,Naturally occurring LPG,1521.00
Victoria,2019-20,Natural gas a,9238.20
Victoria,2019-20,Ethane,0.00
Victoria,2019-20,Liquid/gas biofuels,6.70
Victoria,2019-20,Wood,1602.70
Victoria,2019-20,Bagasse,8.60
Victoria,2019-20,Hydro-electricity,2310.80
Victoria,2019-20,Wind b,5596.20
Victoria,2019-20,Solar PV,3329.70
Victoria,2019-20,Solar hotwater,4.20
Victoria,2020-21,Black coal,0.00
Victoria,2020-21,Brown coal,41622.40
Victoria,2020-21,Crude oil and NGL,1177.90
Victoria,2020-21,Naturally occurring LPG,1428.90
Victoria,2020-21,Natural gas a,9569.30
Victoria,2020-21,Ethane,0.00
Victoria,2020-21,Liquid/gas biofuels,6.30
Victoria,2020-21,Wood,1589.90
Victoria,2020-21,Bagasse,8.40
Victoria,2020-21,Hydro-electricity,2852.00
Victoria,2020-21,Wind b,7080.60
Victoria,2020-21,Solar PV,4631.90
Victoria,2020-21,Solar hotwater,4.80
Victoria,2021-22,Black coal,0.00
Victoria,2021-22,Brown coal,40296.40
Victoria,2021-22,Crude oil and NGL,1119.10
Victoria,2021-22,Naturally occurring LPG,1546.80
Victoria,2021-22,Natural gas a,10991.00
Victoria,2021-22,Ethane,0.00
Victoria,2021-22,Liquid/gas biofuels,6.50
Victoria,2021-22,Wood,1675.50
Victoria,2021-22,Bagasse,8.70
Victoria,2021-22,Hydro-electricity,2787.90
Victoria,2021-22,Wind b,9563.60
Victoria,2021-22,Solar PV,5839.40
Victoria,2021-22,Solar hotwater,5.60
Victoria,2022-23,Black coal,0.00
Victoria,2022-23,Brown coal,38967.30
Victoria,2022-23,Crude oil and NGL,1062.30
Victoria,2022-23,Naturally occurring LPG,1357.60
Victoria,2022-23,Natural gas a,9516.60
Victoria,2022-23,Ethane,0.00
Victoria,2022-23,Liquid/gas biofuels,6.10
Victoria,2022-23,Wood,1500.90
Victoria,2022-23,Bagasse,8.60
Victoria,2022-23,Hydro-electricity,3237.20
Victoria,2022-23,Wind b,11065.50
Victoria,2022-23,Solar PV,6575.90
Victoria,2022-23,Solar hotwater,6.20
Queensland,2000-01,Black coal,138286.00
Queensland,2000-01,Brown coal,0.00
Queensland,2000-01,Crude oil and NGL,713.00
Queensland,2000-01,Naturally occurring LPG,22.00
Queensland,2000-01,Natural gas a,4770.00
Queensland,2000-01,Ethane,0.00
Queensland,2000-01,Liquid/gas biofuels,0.00
Queensland,2000-01,Wood,505.00
Queensland,2000-01,Bagasse,0.00
Queensland,2000-01,Hydro-electricity,868.00
Queensland,2000-01,Wind b,0.00
Queensland,2000-01,Solar PV,0.00
Queensland,2000-01,Solar hotwater,0.40
Queensland,2001-02,Black coal,148587.00
Queensland,2001-02,Brown coal,0.00
Queensland,2001-02,Crude oil and NGL,701.00
Queensland,2001-02,Naturally occurring LPG,18.00
Queensland,2001-02,Natural gas a,5557.00
Queensland,2001-02,Ethane,0.00
Queensland,2001-02,Liquid/gas biofuels,0.00
Queensland,2001-02,Wood,501.00
Queensland,2001-02,Bagasse,0.00
Queensland,2001-02,Hydro-electricity,594.00
Queensland,2001-02,Wind b,0.00
Queensland,2001-02,Solar PV,0.00
Queensland,2001-02,Solar hotwater,0.40
Queensland,2002-03,Black coal,153601.70
Queensland,2002-03,Brown coal,0.00
Queensland,2002-03,Crude oil and NGL,627.70
Queensland,2002-03,Naturally occurring LPG,17.80
Queensland,2002-03,Natural gas a,5670.00
Queensland,2002-03,Ethane,0.00
Queensland,2002-03,Liquid/gas biofuels,0.50
Queensland,2002-03,Wood,638.40
Queensland,2002-03,Bagasse,9110.70
Queensland,2002-03,Hydro-electricity,354.00
Queensland,2002-03,Wind b,0.00
Queensland,2002-03,Solar PV,0.00
Queensland,2002-03,Solar hotwater,0.40
Queensland,2003-04,Black coal,160183.00
Queensland,2003-04,Brown coal,0.00
Queensland,2003-04,Crude oil and NGL,615.40
Queensland,2003-04,Naturally occurring LPG,19.70
Queensland,2003-04,Natural gas a,5459.40
Queensland,2003-04,Ethane,0.00
Queensland,2003-04,Liquid/gas biofuels,0.60
Queensland,2003-04,Wood,668.70
Queensland,2003-04,Bagasse,9742.30
Queensland,2003-04,Hydro-electricity,562.00
Queensland,2003-04,Wind b,0.00
Queensland,2003-04,Solar PV,0.00
Queensland,2003-04,Solar hotwater,0.40
Queensland,2004-05,Black coal,173712.20
Queensland,2004-05,Brown coal,0.00
Queensland,2004-05,Crude oil and NGL,636.10
Queensland,2004-05,Naturally occurring LPG,24.20
Queensland,2004-05,Natural gas a,5826.20
Queensland,2004-05,Ethane,0.00
Queensland,2004-05,Liquid/gas biofuels,0.90
Queensland,2004-05,Wood,675.00
Queensland,2004-05,Bagasse,10477.20
Queensland,2004-05,Hydro-electricity,528.00
Queensland,2004-05,Wind b,0.00
Queensland,2004-05,Solar PV,0.00
Queensland,2004-05,Solar hotwater,0.40
Queensland,2005-06,Black coal,171689.00
Queensland,2005-06,Brown coal,0.00
Queensland,2005-06,Crude oil and NGL,619.70
Queensland,2005-06,Naturally occurring LPG,23.40
Queensland,2005-06,Natural gas a,5734.60
Queensland,2005-06,Ethane,0.00
Queensland,2005-06,Liquid/gas biofuels,0.90
Queensland,2005-06,Wood,720.70
Queensland,2005-06,Bagasse,10571.50
Queensland,2005-06,Hydro-electricity,552.00
Queensland,2005-06,Wind b,0.00
Queensland,2005-06,Solar PV,0.00
Queensland,2005-06,Solar hotwater,0.40
Queensland,2006-07,Black coal,184082.50
Queensland,2006-07,Brown coal,0.00
Queensland,2006-07,Crude oil and NGL,943.30
Queensland,2006-07,Naturally occurring LPG,24.30
Queensland,2006-07,Natural gas a,5993.10
Queensland,2006-07,Ethane,0.00
Queensland,2006-07,Liquid/gas biofuels,1.50
Queensland,2006-07,Wood,741.70
Queensland,2006-07,Bagasse,10674.70
Queensland,2006-07,Hydro-electricity,880.00
Queensland,2006-07,Wind b,0.00
Queensland,2006-07,Solar PV,0.00
Queensland,2006-07,Solar hotwater,1.00
Queensland,2007-08,Black coal,180517.90
Queensland,2007-08,Brown coal,0.00
Queensland,2007-08,Crude oil and NGL,1039.90
Queensland,2007-08,Naturally occurring LPG,24.00
Queensland,2007-08,Natural gas a,6486.60
Queensland,2007-08,Ethane,0.00
Queensland,2007-08,Liquid/gas biofuels,2.40
Queensland,2007-08,Wood,761.70
Queensland,2007-08,Bagasse,10892.60
Queensland,2007-08,Hydro-electricity,924.00
Queensland,2007-08,Wind b,0.00
Queensland,2007-08,Solar PV,0.00
Queensland,2007-08,Solar hotwater,1.10
Queensland,2008-09,Black coal,190449.70
Queensland,2008-09,Brown coal,0.00
Queensland,2008-09,Crude oil and NGL,997.90
Queensland,2008-09,Naturally occurring LPG,23.90
Queensland,2008-09,Natural gas a,6484.30
Queensland,2008-09,Ethane,0.00
Queensland,2008-09,Liquid/gas biofuels,3.50
Queensland,2008-09,Wood,680.60
Queensland,2008-09,Bagasse,6080.60
Queensland,2008-09,Hydro-electricity,820.20
Queensland,2008-09,Wind b,27.30
Queensland,2008-09,Solar PV,50.80
Queensland,2008-09,Solar hotwater,1.30
Queensland,2009-10,Black coal,208945.80
Queensland,2009-10,Brown coal,0.00
Queensland,2009-10,Crude oil and NGL,1012.20
Queensland,2009-10,Naturally occurring LPG,12.10
Queensland,2009-10,Natural gas a,7995.70
Queensland,2009-10,Ethane,0.00
Queensland,2009-10,Liquid/gas biofuels,4.20
Queensland,2009-10,Wood,662.20
Queensland,2009-10,Bagasse,9179.70
Queensland,2009-10,Hydro-electricity,572.80
Queensland,2009-10,Wind b,30.90
Queensland,2009-10,Solar PV,121.30
Queensland,2009-10,Solar hotwater,1.70
Queensland,2010-11,Black coal,179833.60
Queensland,2010-11,Brown coal,0.00
Queensland,2010-11,Crude oil and NGL,989.40
Queensland,2010-11,Naturally occurring LPG,9.80
Queensland,2010-11,Natural gas a,7719.40
Queensland,2010-11,Ethane,0.00
Queensland,2010-11,Liquid/gas biofuels,4.40
Queensland,2010-11,Wood,561.20
Queensland,2010-11,Bagasse,8140.30
Queensland,2010-11,Hydro-electricity,965.60
Queensland,2010-11,Wind b,27.30
Queensland,2010-11,Solar PV,400.60
Queensland,2010-11,Solar hotwater,2.10
Queensland,2011-12,Black coal,188247.40
Queensland,2011-12,Brown coal,0.00
Queensland,2011-12,Crude oil and NGL,1141.60
Queensland,2011-12,Naturally occurring LPG,8.60
Queensland,2011-12,Natural gas a,7656.00
Queensland,2011-12,Ethane,0.00
Queensland,2011-12,Liquid/gas biofuels,3.90
Queensland,2011-12,Wood,506.10
Queensland,2011-12,Bagasse,8326.20
Queensland,2011-12,Hydro-electricity,723.20
Queensland,2011-12,Wind b,27.70
Queensland,2011-12,Solar PV,760.30
Queensland,2011-12,Solar hotwater,2.30
Queensland,2012-13,Black coal,202687.70
Queensland,2012-13,Brown coal,0.00
Queensland,2012-13,Crude oil and NGL,1134.00
Queensland,2012-13,Naturally occurring LPG,0.00
Queensland,2012-13,Natural gas a,7864.50
Queensland,2012-13,Ethane,0.00
Queensland,2012-13,Liquid/gas biofuels,3.10
Queensland,2012-13,Wood,576.00
Queensland,2012-13,Bagasse,9593.70
Queensland,2012-13,Hydro-electricity,684.10
Queensland,2012-13,Wind b,30.70
Queensland,2012-13,Solar PV,1310.20
Queensland,2012-13,Solar hotwater,2.40
Queensland,2013-14,Black coal,224979.80
Queensland,2013-14,Brown coal,0.00
Queensland,2013-14,Crude oil and NGL,1208.90
Queensland,2013-14,Naturally occurring LPG,0.00
Queensland,2013-14,Natural gas a,8528.40
Queensland,2013-14,Ethane,0.00
Queensland,2013-14,Liquid/gas biofuels,3.70
Queensland,2013-14,Wood,565.30
Queensland,2013-14,Bagasse,8949.10
Queensland,2013-14,Hydro-electricity,820.90
Queensland,2013-14,Wind b,33.70
Queensland,2013-14,Solar PV,1464.60
Queensland,2013-14,Solar hotwater,2.40
Queensland,2014-15,Black coal,239591.90
Queensland,2014-15,Brown coal,0.00
Queensland,2014-15,Crude oil and NGL,1136.50
Queensland,2014-15,Naturally occurring LPG,0.00
Queensland,2014-15,Natural gas a,12466.20
Queensland,2014-15,Ethane,0.00
Queensland,2014-15,Liquid/gas biofuels,3.70
Queensland,2014-15,Wood,552.70
Queensland,2014-15,Bagasse,10244.30
Queensland,2014-15,Hydro-electricity,649.10
Queensland,2014-15,Wind b,32.50
Queensland,2014-15,Solar PV,1793.90
Queensland,2014-15,Solar hotwater,2.70
Queensland,2015-16,Black coal,237624.80
Queensland,2015-16,Brown coal,0.00
Queensland,2015-16,Crude oil and NGL,1048.00
Queensland,2015-16,Naturally occurring LPG,0.00
Queensland,2015-16,Natural gas a,27211.10
Queensland,2015-16,Ethane,0.00
Queensland,2015-16,Liquid/gas biofuels,3.20
Queensland,2015-16,Wood,571.90
Queensland,2015-16,Bagasse,9994.90
Queensland,2015-16,Hydro-electricity,491.70
Queensland,2015-16,Wind b,28.40
Queensland,2015-16,Solar PV,2063.20
Queensland,2015-16,Solar hotwater,2.70
Queensland,2016-17,Black coal,237674.60
Queensland,2016-17,Brown coal,0.00
Queensland,2016-17,Crude oil and NGL,1016.20
Queensland,2016-17,Naturally occurring LPG,0.00
Queensland,2016-17,Natural gas a,34688.60
Queensland,2016-17,Ethane,0.00
Queensland,2016-17,Liquid/gas biofuels,3.30
Queensland,2016-17,Wood,509.60
Queensland,2016-17,Bagasse,10853.50
Queensland,2016-17,Hydro-electricity,672.20
Queensland,2016-17,Wind b,29.00
Queensland,2016-17,Solar PV,2370.00
Queensland,2016-17,Solar hotwater,2.80
Queensland,2017-18,Black coal,248621.80
Queensland,2017-18,Brown coal,0.00
Queensland,2017-18,Crude oil and NGL,763.30
Queensland,2017-18,Naturally occurring LPG,66.40
Queensland,2017-18,Natural gas a,35738.90
Queensland,2017-18,Ethane,0.00
Queensland,2017-18,Liquid/gas biofuels,3.40
Queensland,2017-18,Wood,471.40
Queensland,2017-18,Bagasse,9763.60
Queensland,2017-18,Hydro-electricity,646.10
Queensland,2017-18,Wind b,30.30
Queensland,2017-18,Solar PV,2932.30
Queensland,2017-18,Solar hotwater,2.90
Queensland,2018-19,Black coal,250568.60
Queensland,2018-19,Brown coal,0.00
Queensland,2018-19,Crude oil and NGL,710.90
Queensland,2018-19,Naturally occurring LPG,116.60
Queensland,2018-19,Natural gas a,38083.50
Queensland,2018-19,Ethane,0.00
Queensland,2018-19,Liquid/gas biofuels,4.10
Queensland,2018-19,Wood,502.30
Queensland,2018-19,Bagasse,8962.10
Queensland,2018-19,Hydro-electricity,1057.30
Queensland,2018-19,Wind b,399.10
Queensland,2018-19,Solar PV,4821.90
Queensland,2018-19,Solar hotwater,3.00
Queensland,2019-20,Black coal,245054.90
Queensland,2019-20,Brown coal,0.00
Queensland,2019-20,Crude oil and NGL,638.70
Queensland,2019-20,Naturally occurring LPG,175.50
Queensland,2019-20,Natural gas a,40423.80
Queensland,2019-20,Ethane,0.00
Queensland,2019-20,Liquid/gas biofuels,4.30
Queensland,2019-20,Wood,512.60
Queensland,2019-20,Bagasse,8217.00
Queensland,2019-20,Hydro-electricity,634.60
Queensland,2019-20,Wind b,927.90
Queensland,2019-20,Solar PV,7454.80
Queensland,2019-20,Solar hotwater,3.10
Queensland,2020-21,Black coal,227043.00
Queensland,2020-21,Brown coal,0.00
Queensland,2020-21,Crude oil and NGL,505.30
Queensland,2020-21,Naturally occurring LPG,185.60
Queensland,2020-21,Natural gas a,41125.40
Queensland,2020-21,Ethane,0.00
Queensland,2020-21,Liquid/gas biofuels,4.30
Queensland,2020-21,Wood,521.60
Queensland,2020-21,Bagasse,8627.30
Queensland,2020-21,Hydro-electricity,950.20
Queensland,2020-21,Wind b,1826.00
Queensland,2020-21,Solar PV,8556.70
Queensland,2020-21,Solar hotwater,3.30
Queensland,2021-22,Black coal,233849.70
Queensland,2021-22,Brown coal,0.00
Queensland,2021-22,Crude oil and NGL,463.30
Queensland,2021-22,Naturally occurring LPG,146.90
Queensland,2021-22,Natural gas a,41129.40
Queensland,2021-22,Ethane,0.00
Queensland,2021-22,Liquid/gas biofuels,4.80
Queensland,2021-22,Wood,514.50
Queensland,2021-22,Bagasse,8324.20
Queensland,2021-22,Hydro-electricity,1118.90
Queensland,2021-22,Wind b,1850.10
Queensland,2021-22,Solar PV,9985.70
Queensland,2021-22,Solar hotwater,3.40
Queensland,2022-23,Black coal,227223.60
Queensland,2022-23,Brown coal,0.00
Queensland,2022-23,Crude oil and NGL,413.30
Queensland,2022-23,Naturally occurring LPG,106.90
Queensland,2022-23,Natural gas a,39868.90
Queensland,2022-23,Ethane,0.00
Queensland,2022-23,Liquid/gas biofuels,5.10
Queensland,2022-23,Wood,497.90
Queensland,2022-23,Bagasse,9159.00
Queensland,2022-23,Hydro-electricity,1244.10
Queensland,2022-23,Wind b,2124.80
Queensland,2022-23,Solar PV,12620.40
Queensland,2022-23,Solar hotwater,3.60
Western Australia,2000-01,Black coal,6193.00
Western Australia,2000-01,Brown coal,0.00
Western Australia,2000-01,Crude oil and NGL,19130.00
Western Australia,2000-01,Naturally occurring LPG,1493.00
Western Australia,2000-01,Natural gas a,19178.00
Western Australia,2000-01,Ethane,0.00
Western Australia,2000-01,Liquid/gas biofuels,0.00
Western Australia,2000-01,Wood,724.00
Western Australia,2000-01,Bagasse,0.00
Western Australia,2000-01,Hydro-electricity,202.00
Western Australia,2000-01,Wind b,0.00
Western Australia,2000-01,Solar PV,0.00
Western Australia,2000-01,Solar hotwater,1.10
Western Australia,2001-02,Black coal,6595.00
Western Australia,2001-02,Brown coal,0.00
Western Australia,2001-02,Crude oil and NGL,21107.00
Western Australia,2001-02,Naturally occurring LPG,2028.00
Western Australia,2001-02,Natural gas a,19444.00
Western Australia,2001-02,Ethane,0.00
Western Australia,2001-02,Liquid/gas biofuels,0.00
Western Australia,2001-02,Wood,770.00
Western Australia,2001-02,Bagasse,0.00
Western Australia,2001-02,Hydro-electricity,212.00
Western Australia,2001-02,Wind b,0.00
Western Australia,2001-02,Solar PV,0.00
Western Australia,2001-02,Solar hotwater,1.10
Western Australia,2002-03,Black coal,6136.00
Western Australia,2002-03,Brown coal,0.00
Western Australia,2002-03,Crude oil and NGL,19693.50
Western Australia,2002-03,Naturally occurring LPG,1910.80
Western Australia,2002-03,Natural gas a,20179.20
Western Australia,2002-03,Ethane,0.00
Western Australia,2002-03,Liquid/gas biofuels,1.20
Western Australia,2002-03,Wood,650.90
Western Australia,2002-03,Bagasse,139.40
Western Australia,2002-03,Hydro-electricity,207.00
Western Australia,2002-03,Wind b,0.00
Western Australia,2002-03,Solar PV,0.00
Western Australia,2002-03,Solar hotwater,1.20
Western Australia,2003-04,Black coal,5981.00
Western Australia,2003-04,Brown coal,0.00
Western Australia,2003-04,Crude oil and NGL,17373.80
Western Australia,2003-04,Naturally occurring LPG,1817.10
Western Australia,2003-04,Natural gas a,20560.60
Western Australia,2003-04,Ethane,0.00
Western Australia,2003-04,Liquid/gas biofuels,1.20
Western Australia,2003-04,Wood,638.70
Western Australia,2003-04,Bagasse,139.40
Western Australia,2003-04,Hydro-electricity,206.00
Western Australia,2003-04,Wind b,0.00
Western Australia,2003-04,Solar PV,0.00
Western Australia,2003-04,Solar hotwater,1.10
Western Australia,2004-05,Black coal,6098.50
Western Australia,2004-05,Brown coal,0.00
Western Australia,2004-05,Crude oil and NGL,17189.80
Western Australia,2004-05,Naturally occurring LPG,1963.10
Western Australia,2004-05,Natural gas a,24582.30
Western Australia,2004-05,Ethane,0.00
Western Australia,2004-05,Liquid/gas biofuels,0.60
Western Australia,2004-05,Wood,622.90
Western Australia,2004-05,Bagasse,139.40
Western Australia,2004-05,Hydro-electricity,212.00
Western Australia,2004-05,Wind b,0.00
Western Australia,2004-05,Solar PV,0.00
Western Australia,2004-05,Solar hotwater,1.10
Western Australia,2005-06,Black coal,6681.30
Western Australia,2005-06,Brown coal,0.00
Western Australia,2005-06,Crude oil and NGL,16040.60
Western Australia,2005-06,Naturally occurring LPG,2160.10
Western Australia,2005-06,Natural gas a,25886.80
Western Australia,2005-06,Ethane,0.00
Western Australia,2005-06,Liquid/gas biofuels,0.60
Western Australia,2005-06,Wood,609.30
Western Australia,2005-06,Bagasse,101.90
Western Australia,2005-06,Hydro-electricity,163.00
Western Australia,2005-06,Wind b,0.00
Western Australia,2005-06,Solar PV,0.00
Western Australia,2005-06,Solar hotwater,1.00
Western Australia,2006-07,Black coal,6017.60
Western Australia,2006-07,Brown coal,0.00
Western Australia,2006-07,Crude oil and NGL,19568.60
Western Australia,2006-07,Naturally occurring LPG,2067.30
Western Australia,2006-07,Natural gas a,27198.40
Western Australia,2006-07,Ethane,0.00
Western Australia,2006-07,Liquid/gas biofuels,0.60
Western Australia,2006-07,Wood,596.00
Western Australia,2006-07,Bagasse,98.00
Western Australia,2006-07,Hydro-electricity,150.00
Western Australia,2006-07,Wind b,0.00
Western Australia,2006-07,Solar PV,0.00
Western Australia,2006-07,Solar hotwater,2.40
Western Australia,2007-08,Black coal,6231.40
Western Australia,2007-08,Brown coal,0.00
Western Australia,2007-08,Crude oil and NGL,18302.10
Western Australia,2007-08,Naturally occurring LPG,1500.00
Western Australia,2007-08,Natural gas a,27499.00
Western Australia,2007-08,Ethane,0.00
Western Australia,2007-08,Liquid/gas biofuels,0.90
Western Australia,2007-08,Wood,585.40
Western Australia,2007-08,Bagasse,0.00
Western Australia,2007-08,Hydro-electricity,51.00
Western Australia,2007-08,Wind b,0.00
Western Australia,2007-08,Solar PV,0.00
Western Australia,2007-08,Solar hotwater,2.50
Western Australia,2008-09,Black coal,6979.20
Western Australia,2008-09,Brown coal,0.00
Western Australia,2008-09,Crude oil and NGL,19243.60
Western Australia,2008-09,Naturally occurring LPG,1582.00
Western Australia,2008-09,Natural gas a,29711.70
Western Australia,2008-09,Ethane,0.00
Western Australia,2008-09,Liquid/gas biofuels,1.80
Western Australia,2008-09,Wood,543.90
Western Australia,2008-09,Bagasse,0.00
Western Australia,2008-09,Hydro-electricity,0.00
Western Australia,2008-09,Wind b,675.10
Western Australia,2008-09,Solar PV,18.70
Western Australia,2008-09,Solar hotwater,2.50
Western Australia,2009-10,Black coal,6712.00
Western Australia,2009-10,Brown coal,0.00
Western Australia,2009-10,Crude oil and NGL,18856.10
Western Australia,2009-10,Naturally occurring LPG,1780.40
Western Australia,2009-10,Natural gas a,32847.00
Western Australia,2009-10,Ethane,0.00
Western Australia,2009-10,Liquid/gas biofuels,1.50
Western Australia,2009-10,Wood,476.50
Western Australia,2009-10,Bagasse,0.00
Western Australia,2009-10,Hydro-electricity,0.00
Western Australia,2009-10,Wind b,664.00
Western Australia,2009-10,Solar PV,57.50
Western Australia,2009-10,Solar hotwater,2.70
Western Australia,2010-11,Black coal,7234.50
Western Australia,2010-11,Brown coal,0.00
Western Australia,2010-11,Crude oil and NGL,19738.00
Western Australia,2010-11,Naturally occurring LPG,1687.20
Western Australia,2010-11,Natural gas a,33841.80
Western Australia,2010-11,Ethane,0.00
Western Australia,2010-11,Liquid/gas biofuels,1.60
Western Australia,2010-11,Wood,460.00
Western Australia,2010-11,Bagasse,0.00
Western Australia,2010-11,Hydro-electricity,0.00
Western Australia,2010-11,Wind b,719.30
Western Australia,2010-11,Solar PV,198.10
Western Australia,2010-11,Solar hotwater,2.90
Western Australia,2011-12,Black coal,6986.40
Western Australia,2011-12,Brown coal,0.00
Western Australia,2011-12,Crude oil and NGL,17127.70
Western Australia,2011-12,Naturally occurring LPG,1597.50
Western Australia,2011-12,Natural gas a,31908.30
Western Australia,2011-12,Ethane,0.00
Western Australia,2011-12,Liquid/gas biofuels,0.90
Western Australia,2011-12,Wood,455.60
Western Australia,2011-12,Bagasse,0.00
Western Australia,2011-12,Hydro-electricity,0.00
Western Australia,2011-12,Wind b,1278.70
Western Australia,2011-12,Solar PV,331.40
Western Australia,2011-12,Solar hotwater,3.00
Western Australia,2012-13,Black coal,7494.30
Western Australia,2012-13,Brown coal,0.00
Western Australia,2012-13,Crude oil and NGL,14307.60
Western Australia,2012-13,Naturally occurring LPG,1375.20
Western Australia,2012-13,Natural gas a,38273.20
Western Australia,2012-13,Ethane,0.00
Western Australia,2012-13,Liquid/gas biofuels,0.80
Western Australia,2012-13,Wood,476.00
Western Australia,2012-13,Bagasse,0.00
Western Australia,2012-13,Hydro-electricity,221.30
Western Australia,2012-13,Wind b,1300.20
Western Australia,2012-13,Solar PV,449.50
Western Australia,2012-13,Solar hotwater,3.20
Western Australia,2013-14,Black coal,8000.00
Western Australia,2013-14,Brown coal,0.00
Western Australia,2013-14,Crude oil and NGL,13030.50
Western Australia,2013-14,Naturally occurring LPG,1419.10
Western Australia,2013-14,Natural gas a,39470.70
Western Australia,2013-14,Ethane,0.00
Western Australia,2013-14,Liquid/gas biofuels,1.60
Western Australia,2013-14,Wood,480.30
Western Australia,2013-14,Bagasse,0.00
Western Australia,2013-14,Hydro-electricity,205.40
Western Australia,2013-14,Wind b,1578.80
Western Australia,2013-14,Solar PV,520.00
Western Australia,2013-14,Solar hotwater,3.30
Western Australia,2014-15,Black coal,8000.00
Western Australia,2014-15,Brown coal,0.00
Western Australia,2014-15,Crude oil and NGL,12222.90
Western Australia,2014-15,Naturally occurring LPG,1304.40
Western Australia,2014-15,Natural gas a,39973.20
Western Australia,2014-15,Ethane,0.00
Western Australia,2014-15,Liquid/gas biofuels,1.60
Western Australia,2014-15,Wood,493.80
Western Australia,2014-15,Bagasse,0.00
Western Australia,2014-15,Hydro-electricity,206.10
Western Australia,2014-15,Wind b,1643.20
Western Australia,2014-15,Solar PV,646.00
Western Australia,2014-15,Solar hotwater,3.80
Western Australia,2015-16,Black coal,8000.00
Western Australia,2015-16,Brown coal,0.00
Western Australia,2015-16,Crude oil and NGL,12584.30
Western Australia,2015-16,Naturally occurring LPG,971.80
Western Australia,2015-16,Natural gas a,46135.80
Western Australia,2015-16,Ethane,0.00
Western Australia,2015-16,Liquid/gas biofuels,1.20
Western Australia,2015-16,Wood,494.10
Western Australia,2015-16,Bagasse,0.00
Western Australia,2015-16,Hydro-electricity,217.00
Western Australia,2015-16,Wind b,1476.50
Western Australia,2015-16,Solar PV,789.10
Western Australia,2015-16,Solar hotwater,3.80
Western Australia,2016-17,Black coal,6806.40
Western Australia,2016-17,Brown coal,0.00
Western Australia,2016-17,Crude oil and NGL,11061.90
Western Australia,2016-17,Naturally occurring LPG,962.20
Western Australia,2016-17,Natural gas a,55633.50
Western Australia,2016-17,Ethane,0.00
Western Australia,2016-17,Liquid/gas biofuels,1.60
Western Australia,2016-17,Wood,559.00
Western Australia,2016-17,Bagasse,0.00
Western Australia,2016-17,Hydro-electricity,212.60
Western Australia,2016-17,Wind b,1616.70
Western Australia,2016-17,Solar PV,985.40
Western Australia,2016-17,Solar hotwater,4.00
Western Australia,2017-18,Black coal,6680.00
Western Australia,2017-18,Brown coal,0.00
Western Australia,2017-18,Crude oil and NGL,10862.00
Western Australia,2017-18,Naturally occurring LPG,938.50
Western Australia,2017-18,Natural gas a,70227.20
Western Australia,2017-18,Ethane,0.00
Western Australia,2017-18,Liquid/gas biofuels,1.80
Western Australia,2017-18,Wood,497.00
Western Australia,2017-18,Bagasse,0.00
Western Australia,2017-18,Hydro-electricity,220.80
Western Australia,2017-18,Wind b,1587.00
Western Australia,2017-18,Solar PV,1242.00
Western Australia,2017-18,Solar hotwater,4.20
Western Australia,2018-19,Black coal,6274.00
Western Australia,2018-19,Brown coal,0.00
Western Australia,2018-19,Crude oil and NGL,13709.10
Western Australia,2018-19,Naturally occurring LPG,1026.30
Western Australia,2018-19,Natural gas a,86196.20
Western Australia,2018-19,Ethane,0.00
Western Australia,2018-19,Liquid/gas biofuels,1.60
Western Australia,2018-19,Wood,509.10
Western Australia,2018-19,Bagasse,0.00
Western Australia,2018-19,Hydro-electricity,217.00
Western Australia,2018-19,Wind b,1851.20
Western Australia,2018-19,Solar PV,1561.20
Western Australia,2018-19,Solar hotwater,4.40
Western Australia,2019-20,Black coal,6195.60
Western Australia,2019-20,Brown coal,0.00
Western Australia,2019-20,Crude oil and NGL,17060.50
Western Australia,2019-20,Naturally occurring LPG,1035.30
Western Australia,2019-20,Natural gas a,88506.70
Western Australia,2019-20,Ethane,0.00
Western Australia,2019-20,Liquid/gas biofuels,1.40
Western Australia,2019-20,Wood,456.60
Western Australia,2019-20,Bagasse,0.00
Western Australia,2019-20,Hydro-electricity,205.50
Western Australia,2019-20,Wind b,2122.50
Western Australia,2019-20,Solar PV,2010.00
Western Australia,2019-20,Solar hotwater,4.60
Western Australia,2020-21,Black coal,5008.00
Western Australia,2020-21,Brown coal,0.00
Western Australia,2020-21,Crude oil and NGL,15602.40
Western Australia,2020-21,Naturally occurring LPG,929.20
Western Australia,2020-21,Natural gas a,83097.10
Western Australia,2020-21,Ethane,0.00
Western Australia,2020-21,Liquid/gas biofuels,1.40
Western Australia,2020-21,Wood,482.80
Western Australia,2020-21,Bagasse,0.00
Western Australia,2020-21,Hydro-electricity,128.00
Western Australia,2020-21,Wind b,3140.50
Western Australia,2020-21,Solar PV,2785.10
Western Australia,2020-21,Solar hotwater,4.90
Western Australia,2021-22,Black coal,5202.40
Western Australia,2021-22,Brown coal,0.00
Western Australia,2021-22,Crude oil and NGL,16396.00
Western Australia,2021-22,Naturally occurring LPG,965.60
Western Australia,2021-22,Natural gas a,90503.60
Western Australia,2021-22,Ethane,0.00
Western Australia,2021-22,Liquid/gas biofuels,1.80
Western Australia,2021-22,Wood,494.00
Western Australia,2021-22,Bagasse,0.00
Western Australia,2021-22,Hydro-electricity,76.50
Western Australia,2021-22,Wind b,3676.70
Western Australia,2021-22,Solar PV,3508.60
Western Australia,2021-22,Solar hotwater,5.20
Western Australia,2022-23,Black coal,5008.00
Western Australia,2022-23,Brown coal,0.00
Western Australia,2022-23,Crude oil and NGL,14362.90
Western Australia,2022-23,Naturally occurring LPG,932.10
Western Australia,2022-23,Natural gas a,97656.90
Western Australia,2022-23,Ethane,0.00
Western Australia,2022-23,Liquid/gas biofuels,1.50
Western Australia,2022-23,Wood,509.20
Western Australia,2022-23,Bagasse,0.00
Western Australia,2022-23,Hydro-electricity,71.30
Western Australia,2022-23,Wind b,3378.60
Western Australia,2022-23,Solar PV,4067.00
Western Australia,2022-23,Solar hotwater,5.40
South Australia,2000-01,Black coal,0.00
South Australia,2000-01,Brown coal,3160.00
South Australia,2000-01,Crude oil and NGL,906.00
South Australia,2000-01,Naturally occurring LPG,816.00
South Australia,2000-01,Natural gas a,3432.00
South Australia,2000-01,Ethane,344.00
South Australia,2000-01,Liquid/gas biofuels,0.00
South Australia,2000-01,Wood,824.00
South Australia,2000-01,Bagasse,0.00
South Australia,2000-01,Hydro-electricity,0.00
South Australia,2000-01,Wind b,0.00
South Australia,2000-01,Solar PV,0.00
South Australia,2000-01,Solar hotwater,0.20
South Australia,2001-02,Black coal,0.00
South Australia,2001-02,Brown coal,3365.00
South Australia,2001-02,Crude oil and NGL,868.00
South Australia,2001-02,Naturally occurring LPG,768.00
South Australia,2001-02,Natural gas a,3257.00
South Australia,2001-02,Ethane,269.00
South Australia,2001-02,Liquid/gas biofuels,0.00
South Australia,2001-02,Wood,551.00
South Australia,2001-02,Bagasse,0.00
South Australia,2001-02,Hydro-electricity,0.00
South Australia,2001-02,Wind b,0.00
South Australia,2001-02,Solar PV,0.00
South Australia,2001-02,Solar hotwater,0.20
South Australia,2002-03,Black coal,0.00
South Australia,2002-03,Brown coal,3240.00
South Australia,2002-03,Crude oil and NGL,866.30
South Australia,2002-03,Naturally occurring LPG,783.30
South Australia,2002-03,Natural gas a,3018.90
South Australia,2002-03,Ethane,242.80
South Australia,2002-03,Liquid/gas biofuels,2.00
South Australia,2002-03,Wood,787.10
South Australia,2002-03,Bagasse,0.00
South Australia,2002-03,Hydro-electricity,0.00
South Australia,2002-03,Wind b,0.00
South Australia,2002-03,Solar PV,0.00
South Australia,2002-03,Solar hotwater,0.20
South Australia,2003-04,Black coal,0.00
South Australia,2003-04,Brown coal,3208.00
South Australia,2003-04,Crude oil and NGL,683.50
South Australia,2003-04,Naturally occurring LPG,826.70
South Australia,2003-04,Natural gas a,2180.70
South Australia,2003-04,Ethane,207.40
South Australia,2003-04,Liquid/gas biofuels,2.00
South Australia,2003-04,Wood,741.90
South Australia,2003-04,Bagasse,0.00
South Australia,2003-04,Hydro-electricity,0.00
South Australia,2003-04,Wind b,0.00
South Australia,2003-04,Solar PV,0.00
South Australia,2003-04,Solar hotwater,0.20
South Australia,2004-05,Black coal,0.00
South Australia,2004-05,Brown coal,3381.30
South Australia,2004-05,Crude oil and NGL,679.40
South Australia,2004-05,Naturally occurring LPG,663.40
South Australia,2004-05,Natural gas a,1706.80
South Australia,2004-05,Ethane,225.00
South Australia,2004-05,Liquid/gas biofuels,1.00
South Australia,2004-05,Wood,711.00
South Australia,2004-05,Bagasse,0.00
South Australia,2004-05,Hydro-electricity,0.00
South Australia,2004-05,Wind b,0.00
South Australia,2004-05,Solar PV,0.00
South Australia,2004-05,Solar hotwater,0.20
South Australia,2005-06,Black coal,0.00
South Australia,2005-06,Brown coal,3478.70
South Australia,2005-06,Crude oil and NGL,757.60
South Australia,2005-06,Naturally occurring LPG,596.60
South Australia,2005-06,Natural gas a,1390.50
South Australia,2005-06,Ethane,269.50
South Australia,2005-06,Liquid/gas biofuels,1.00
South Australia,2005-06,Wood,734.10
South Australia,2005-06,Bagasse,0.00
South Australia,2005-06,Hydro-electricity,0.00
South Australia,2005-06,Wind b,0.00
South Australia,2005-06,Solar PV,0.00
South Australia,2005-06,Solar hotwater,0.20
South Australia,2006-07,Black coal,0.00
South Australia,2006-07,Brown coal,3880.00
South Australia,2006-07,Crude oil and NGL,1412.00
South Australia,2006-07,Naturally occurring LPG,550.50
South Australia,2006-07,Natural gas a,1412.00
South Australia,2006-07,Ethane,249.20
South Australia,2006-07,Liquid/gas biofuels,0.90
South Australia,2006-07,Wood,774.60
South Australia,2006-07,Bagasse,0.00
South Australia,2006-07,Hydro-electricity,0.00
South Australia,2006-07,Wind b,0.00
South Australia,2006-07,Solar PV,0.00
South Australia,2006-07,Solar hotwater,0.50
South Australia,2007-08,Black coal,0.00
South Australia,2007-08,Brown coal,3874.30
South Australia,2007-08,Crude oil and NGL,1603.60
South Australia,2007-08,Naturally occurring LPG,557.20
South Australia,2007-08,Natural gas a,1289.70
South Australia,2007-08,Ethane,258.60
South Australia,2007-08,Liquid/gas biofuels,0.60
South Australia,2007-08,Wood,753.60
South Australia,2007-08,Bagasse,0.00
South Australia,2007-08,Hydro-electricity,0.00
South Australia,2007-08,Wind b,0.00
South Australia,2007-08,Solar PV,0.00
South Australia,2007-08,Solar hotwater,0.50
South Australia,2008-09,Black coal,0.00
South Australia,2008-09,Brown coal,3619.30
South Australia,2008-09,Crude oil and NGL,2257.10
South Australia,2008-09,Naturally occurring LPG,559.50
South Australia,2008-09,Natural gas a,1688.50
South Australia,2008-09,Ethane,256.10
South Australia,2008-09,Liquid/gas biofuels,1.30
South Australia,2008-09,Wood,738.40
South Australia,2008-09,Bagasse,0.00
South Australia,2008-09,Hydro-electricity,4.10
South Australia,2008-09,Wind b,2020.20
South Australia,2008-09,Solar PV,23.40
South Australia,2008-09,Solar hotwater,0.60
South Australia,2009-10,Black coal,0.00
South Australia,2009-10,Brown coal,3795.50
South Australia,2009-10,Crude oil and NGL,1297.70
South Australia,2009-10,Naturally occurring LPG,0.00
South Australia,2009-10,Natural gas a,1397.00
South Australia,2009-10,Ethane,166.20
South Australia,2009-10,Liquid/gas biofuels,1.30
South Australia,2009-10,Wood,675.20
South Australia,2009-10,Bagasse,0.00
South Australia,2009-10,Hydro-electricity,4.20
South Australia,2009-10,Wind b,2029.00
South Australia,2009-10,Solar PV,50.70
South Australia,2009-10,Solar hotwater,0.70
South Australia,2010-11,Black coal,0.00
South Australia,2010-11,Brown coal,3670.50
South Australia,2010-11,Crude oil and NGL,305.50
South Australia,2010-11,Naturally occurring LPG,0.00
South Australia,2010-11,Natural gas a,2368.20
South Australia,2010-11,Ethane,116.20
South Australia,2010-11,Liquid/gas biofuels,1.40
South Australia,2010-11,Wood,649.00
South Australia,2010-11,Bagasse,0.00
South Australia,2010-11,Hydro-electricity,4.10
South Australia,2010-11,Wind b,2890.30
South Australia,2010-11,Solar PV,182.80
South Australia,2010-11,Solar hotwater,0.80
South Australia,2011-12,Black coal,0.00
South Australia,2011-12,Brown coal,2867.00
South Australia,2011-12,Crude oil and NGL,448.00
South Australia,2011-12,Naturally occurring LPG,0.00
South Australia,2011-12,Natural gas a,2171.50
South Australia,2011-12,Ethane,170.90
South Australia,2011-12,Liquid/gas biofuels,1.40
South Australia,2011-12,Wood,601.80
South Australia,2011-12,Bagasse,0.00
South Australia,2011-12,Hydro-electricity,4.40
South Australia,2011-12,Wind b,3126.50
South Australia,2011-12,Solar PV,398.10
South Australia,2011-12,Solar hotwater,0.80
South Australia,2012-13,Black coal,0.00
South Australia,2012-13,Brown coal,2481.10
South Australia,2012-13,Crude oil and NGL,769.10
South Australia,2012-13,Naturally occurring LPG,0.00
South Australia,2012-13,Natural gas a,2725.40
South Australia,2012-13,Ethane,163.70
South Australia,2012-13,Liquid/gas biofuels,1.50
South Australia,2012-13,Wood,541.30
South Australia,2012-13,Bagasse,0.00
South Australia,2012-13,Hydro-electricity,5.90
South Australia,2012-13,Wind b,3313.50
South Australia,2012-13,Solar PV,558.60
South Australia,2012-13,Solar hotwater,0.80
South Australia,2013-14,Black coal,0.00
South Australia,2013-14,Brown coal,2000.00
South Australia,2013-14,Crude oil and NGL,1356.80
South Australia,2013-14,Naturally occurring LPG,0.00
South Australia,2013-14,Natural gas a,2783.40
South Australia,2013-14,Ethane,173.70
South Australia,2013-14,Liquid/gas biofuels,1.70
South Australia,2013-14,Wood,564.80
South Australia,2013-14,Bagasse,0.00
South Australia,2013-14,Hydro-electricity,5.90
South Australia,2013-14,Wind b,4150.30
South Australia,2013-14,Solar PV,679.30
South Australia,2013-14,Solar hotwater,0.80
South Australia,2014-15,Black coal,0.00
South Australia,2014-15,Brown coal,4000.00
South Australia,2014-15,Crude oil and NGL,1188.20
South Australia,2014-15,Naturally occurring LPG,0.00
South Australia,2014-15,Natural gas a,2953.50
South Australia,2014-15,Ethane,185.80
South Australia,2014-15,Liquid/gas biofuels,2.00
South Australia,2014-15,Wood,579.70
South Australia,2014-15,Bagasse,0.00
South Australia,2014-15,Hydro-electricity,10.80
South Australia,2014-15,Wind b,4291.90
South Australia,2014-15,Solar PV,804.00
South Australia,2014-15,Solar hotwater,0.90
South Australia,2015-16,Black coal,0.00
South Australia,2015-16,Brown coal,0.00
South Australia,2015-16,Crude oil and NGL,1069.40
South Australia,2015-16,Naturally occurring LPG,0.00
South Australia,2015-16,Natural gas a,2106.70
South Australia,2015-16,Ethane,0.00
South Australia,2015-16,Liquid/gas biofuels,1.80
South Australia,2015-16,Wood,604.10
South Australia,2015-16,Bagasse,0.00
South Australia,2015-16,Hydro-electricity,6.50
South Australia,2015-16,Wind b,4398.00
South Australia,2015-16,Solar PV,897.50
South Australia,2015-16,Solar hotwater,0.90
South Australia,2016-17,Black coal,0.00
South Australia,2016-17,Brown coal,0.00
South Australia,2016-17,Crude oil and NGL,905.20
South Australia,2016-17,Naturally occurring LPG,0.00
South Australia,2016-17,Natural gas a,1880.60
South Australia,2016-17,Ethane,0.00
South Australia,2016-17,Liquid/gas biofuels,1.30
South Australia,2016-17,Wood,629.00
South Australia,2016-17,Bagasse,0.00
South Australia,2016-17,Hydro-electricity,3.50
South Australia,2016-17,Wind b,4413.70
South Australia,2016-17,Solar PV,1004.80
South Australia,2016-17,Solar hotwater,1.00
South Australia,2017-18,Black coal,0.00
South Australia,2017-18,Brown coal,0.00
South Australia,2017-18,Crude oil and NGL,1141.00
South Australia,2017-18,Naturally occurring LPG,138.50
South Australia,2017-18,Natural gas a,1924.20
South Australia,2017-18,Ethane,0.00
South Australia,2017-18,Liquid/gas biofuels,1.10
South Australia,2017-18,Wood,644.70
South Australia,2017-18,Bagasse,0.00
South Australia,2017-18,Hydro-electricity,6.40
South Australia,2017-18,Wind b,5673.90
South Australia,2017-18,Solar PV,1183.40
South Australia,2017-18,Solar hotwater,1.00
South Australia,2018-19,Black coal,0.00
South Australia,2018-19,Brown coal,0.00
South Australia,2018-19,Crude oil and NGL,1515.90
South Australia,2018-19,Naturally occurring LPG,306.90
South Australia,2018-19,Natural gas a,2054.70
South Australia,2018-19,Ethane,0.00
South Australia,2018-19,Liquid/gas biofuels,1.10
South Australia,2018-19,Wood,616.30
South Australia,2018-19,Bagasse,0.00
South Australia,2018-19,Hydro-electricity,8.80
South Australia,2018-19,Wind b,5711.00
South Australia,2018-19,Solar PV,1723.80
South Australia,2018-19,Solar hotwater,1.00
South Australia,2019-20,Black coal,0.00
South Australia,2019-20,Brown coal,0.00
South Australia,2019-20,Crude oil and NGL,1772.80
South Australia,2019-20,Naturally occurring LPG,276.00
South Australia,2019-20,Natural gas a,2260.70
South Australia,2019-20,Ethane,0.00
South Australia,2019-20,Liquid/gas biofuels,1.30
South Australia,2019-20,Wood,564.80
South Australia,2019-20,Bagasse,0.00
South Australia,2019-20,Hydro-electricity,10.30
South Australia,2019-20,Wind b,5812.90
South Australia,2019-20,Solar PV,2345.40
South Australia,2019-20,Solar hotwater,1.10
South Australia,2020-21,Black coal,0.00
South Australia,2020-21,Brown coal,0.00
South Australia,2020-21,Crude oil and NGL,1630.60
South Australia,2020-21,Naturally occurring LPG,271.10
South Australia,2020-21,Natural gas a,2203.30
South Australia,2020-21,Ethane,0.00
South Australia,2020-21,Liquid/gas biofuels,1.70
South Australia,2020-21,Wood,578.10
South Australia,2020-21,Bagasse,0.00
South Australia,2020-21,Hydro-electricity,3.50
South Australia,2020-21,Wind b,5867.10
South Australia,2020-21,Solar PV,3012.50
South Australia,2020-21,Solar hotwater,1.20
South Australia,2021-22,Black coal,0.00
South Australia,2021-22,Brown coal,0.00
South Australia,2021-22,Crude oil and NGL,1054.40
South Australia,2021-22,Naturally occurring LPG,230.00
South Australia,2021-22,Natural gas a,2002.10
South Australia,2021-22,Ethane,0.00
South Australia,2021-22,Liquid/gas biofuels,1.70
South Australia,2021-22,Wood,591.50
South Australia,2021-22,Bagasse,0.00
South Australia,2021-22,Hydro-electricity,2.50
South Australia,2021-22,Wind b,6254.80
South Australia,2021-22,Solar PV,3601.70
South Australia,2021-22,Solar hotwater,1.30
South Australia,2022-23,Black coal,0.00
South Australia,2022-23,Brown coal,0.00
South Australia,2022-23,Crude oil and NGL,933.10
South Australia,2022-23,Naturally occurring LPG,246.80
South Australia,2022-23,Natural gas a,1845.40
South Australia,2022-23,Ethane,0.00
South Australia,2022-23,Liquid/gas biofuels,1.80
South Australia,2022-23,Wood,572.60
South Australia,2022-23,Bagasse,0.00
South Australia,2022-23,Hydro-electricity,1.50
South Australia,2022-23,Wind b,6799.60
South Australia,2022-23,Solar PV,4469.00
South Australia,2022-23,Solar hotwater,1.40
Tasmania,2000-01,Black coal,339.00
Tasmania,2000-01,Brown coal,0.00
Tasmania,2000-01,Crude oil and NGL,0.00
Tasmania,2000-01,Naturally occurring LPG,0.00
Tasmania,2000-01,Natural gas a,0.00
Tasmania,2000-01,Ethane,0.00
Tasmania,2000-01,Liquid/gas biofuels,0.00
Tasmania,2000-01,Wood,717.00
Tasmania,2000-01,Bagasse,0.00
Tasmania,2000-01,Hydro-electricity,10081.00
Tasmania,2000-01,Wind b,0.00
Tasmania,2000-01,Solar PV,0.00
Tasmania,2000-01,Solar hotwater,0.10
Tasmania,2001-02,Black coal,360.00
Tasmania,2001-02,Brown coal,0.00
Tasmania,2001-02,Crude oil and NGL,0.00
Tasmania,2001-02,Naturally occurring LPG,0.00
Tasmania,2001-02,Natural gas a,0.00
Tasmania,2001-02,Ethane,0.00
Tasmania,2001-02,Liquid/gas biofuels,0.00
Tasmania,2001-02,Wood,784.00
Tasmania,2001-02,Bagasse,0.00
Tasmania,2001-02,Hydro-electricity,10213.00
Tasmania,2001-02,Wind b,0.00
Tasmania,2001-02,Solar PV,0.00
Tasmania,2001-02,Solar hotwater,0.10
Tasmania,2002-03,Black coal,343.00
Tasmania,2002-03,Brown coal,0.00
Tasmania,2002-03,Crude oil and NGL,0.00
Tasmania,2002-03,Naturally occurring LPG,0.00
Tasmania,2002-03,Natural gas a,0.00
Tasmania,2002-03,Ethane,0.00
Tasmania,2002-03,Liquid/gas biofuels,0.00
Tasmania,2002-03,Wood,614.10
Tasmania,2002-03,Bagasse,0.00
Tasmania,2002-03,Hydro-electricity,9997.00
Tasmania,2002-03,Wind b,0.00
Tasmania,2002-03,Solar PV,0.00
Tasmania,2002-03,Solar hotwater,0.00
Tasmania,2003-04,Black coal,350.00
Tasmania,2003-04,Brown coal,0.00
Tasmania,2003-04,Crude oil and NGL,0.00
Tasmania,2003-04,Naturally occurring LPG,0.00
Tasmania,2003-04,Natural gas a,0.00
Tasmania,2003-04,Ethane,0.00
Tasmania,2003-04,Liquid/gas biofuels,0.00
Tasmania,2003-04,Wood,604.00
Tasmania,2003-04,Bagasse,0.00
Tasmania,2003-04,Hydro-electricity,9898.00
Tasmania,2003-04,Wind b,0.00
Tasmania,2003-04,Solar PV,0.00
Tasmania,2003-04,Solar hotwater,0.00
Tasmania,2004-05,Black coal,388.00
Tasmania,2004-05,Brown coal,0.00
Tasmania,2004-05,Crude oil and NGL,0.00
Tasmania,2004-05,Naturally occurring LPG,0.00
Tasmania,2004-05,Natural gas a,0.00
Tasmania,2004-05,Ethane,0.00
Tasmania,2004-05,Liquid/gas biofuels,0.00
Tasmania,2004-05,Wood,588.10
Tasmania,2004-05,Bagasse,0.00
Tasmania,2004-05,Hydro-electricity,9620.00
Tasmania,2004-05,Wind b,0.00
Tasmania,2004-05,Solar PV,0.00
Tasmania,2004-05,Solar hotwater,0.00
Tasmania,2005-06,Black coal,420.30
Tasmania,2005-06,Brown coal,0.00
Tasmania,2005-06,Crude oil and NGL,0.00
Tasmania,2005-06,Naturally occurring LPG,0.00
Tasmania,2005-06,Natural gas a,0.00
Tasmania,2005-06,Ethane,0.00
Tasmania,2005-06,Liquid/gas biofuels,0.00
Tasmania,2005-06,Wood,551.20
Tasmania,2005-06,Bagasse,0.00
Tasmania,2005-06,Hydro-electricity,9236.00
Tasmania,2005-06,Wind b,0.00
Tasmania,2005-06,Solar PV,0.00
Tasmania,2005-06,Solar hotwater,0.00
Tasmania,2006-07,Black coal,406.30
Tasmania,2006-07,Brown coal,0.00
Tasmania,2006-07,Crude oil and NGL,0.00
Tasmania,2006-07,Naturally occurring LPG,0.00
Tasmania,2006-07,Natural gas a,0.00
Tasmania,2006-07,Ethane,0.00
Tasmania,2006-07,Liquid/gas biofuels,0.00
Tasmania,2006-07,Wood,551.30
Tasmania,2006-07,Bagasse,0.00
Tasmania,2006-07,Hydro-electricity,8258.00
Tasmania,2006-07,Wind b,0.00
Tasmania,2006-07,Solar PV,0.00
Tasmania,2006-07,Solar hotwater,0.10
Tasmania,2007-08,Black coal,436.50
Tasmania,2007-08,Brown coal,0.00
Tasmania,2007-08,Crude oil and NGL,0.00
Tasmania,2007-08,Naturally occurring LPG,0.00
Tasmania,2007-08,Natural gas a,0.00
Tasmania,2007-08,Ethane,0.00
Tasmania,2007-08,Liquid/gas biofuels,0.30
Tasmania,2007-08,Wood,544.30
Tasmania,2007-08,Bagasse,0.00
Tasmania,2007-08,Hydro-electricity,6854.00
Tasmania,2007-08,Wind b,0.00
Tasmania,2007-08,Solar PV,0.00
Tasmania,2007-08,Solar hotwater,0.10
Tasmania,2008-09,Black coal,384.20
Tasmania,2008-09,Brown coal,0.00
Tasmania,2008-09,Crude oil and NGL,0.00
Tasmania,2008-09,Naturally occurring LPG,0.00
Tasmania,2008-09,Natural gas a,0.00
Tasmania,2008-09,Ethane,0.00
Tasmania,2008-09,Liquid/gas biofuels,0.50
Tasmania,2008-09,Wood,516.20
Tasmania,2008-09,Bagasse,0.00
Tasmania,2008-09,Hydro-electricity,7313.60
Tasmania,2008-09,Wind b,486.90
Tasmania,2008-09,Solar PV,1.80
Tasmania,2008-09,Solar hotwater,0.10
Tasmania,2009-10,Black coal,372.40
Tasmania,2009-10,Brown coal,0.00
Tasmania,2009-10,Crude oil and NGL,0.00
Tasmania,2009-10,Naturally occurring LPG,0.00
Tasmania,2009-10,Natural gas a,0.00
Tasmania,2009-10,Ethane,0.00
Tasmania,2009-10,Liquid/gas biofuels,0.40
Tasmania,2009-10,Wood,478.90
Tasmania,2009-10,Bagasse,0.00
Tasmania,2009-10,Hydro-electricity,8307.20
Tasmania,2009-10,Wind b,489.30
Tasmania,2009-10,Solar PV,5.60
Tasmania,2009-10,Solar hotwater,0.20
Tasmania,2010-11,Black coal,380.90
Tasmania,2010-11,Brown coal,0.00
Tasmania,2010-11,Crude oil and NGL,0.00
Tasmania,2010-11,Naturally occurring LPG,0.00
Tasmania,2010-11,Natural gas a,0.00
Tasmania,2010-11,Ethane,0.00
Tasmania,2010-11,Liquid/gas biofuels,0.40
Tasmania,2010-11,Wood,409.10
Tasmania,2010-11,Bagasse,0.00
Tasmania,2010-11,Hydro-electricity,9451.50
Tasmania,2010-11,Wind b,483.50
Tasmania,2010-11,Solar PV,11.60
Tasmania,2010-11,Solar hotwater,0.20
Tasmania,2011-12,Black coal,304.10
Tasmania,2011-12,Brown coal,0.00
Tasmania,2011-12,Crude oil and NGL,0.00
Tasmania,2011-12,Naturally occurring LPG,0.00
Tasmania,2011-12,Natural gas a,0.00
Tasmania,2011-12,Ethane,0.00
Tasmania,2011-12,Liquid/gas biofuels,0.40
Tasmania,2011-12,Wood,427.00
Tasmania,2011-12,Bagasse,0.00
Tasmania,2011-12,Hydro-electricity,8515.50
Tasmania,2011-12,Wind b,423.10
Tasmania,2011-12,Solar PV,22.70
Tasmania,2011-12,Solar hotwater,0.20
Tasmania,2012-13,Black coal,360.40
Tasmania,2012-13,Brown coal,0.00
Tasmania,2012-13,Crude oil and NGL,0.00
Tasmania,2012-13,Naturally occurring LPG,0.00
Tasmania,2012-13,Natural gas a,0.00
Tasmania,2012-13,Ethane,0.00
Tasmania,2012-13,Liquid/gas biofuels,0.40
Tasmania,2012-13,Wood,441.40
Tasmania,2012-13,Bagasse,0.00
Tasmania,2012-13,Hydro-electricity,10766.40
Tasmania,2012-13,Wind b,477.50
Tasmania,2012-13,Solar PV,53.30
Tasmania,2012-13,Solar hotwater,0.30
Tasmania,2013-14,Black coal,360.40
Tasmania,2013-14,Brown coal,0.00
Tasmania,2013-14,Crude oil and NGL,0.00
Tasmania,2013-14,Naturally occurring LPG,0.00
Tasmania,2013-14,Natural gas a,0.00
Tasmania,2013-14,Ethane,0.00
Tasmania,2013-14,Liquid/gas biofuels,0.40
Tasmania,2013-14,Wood,424.90
Tasmania,2013-14,Bagasse,0.00
Tasmania,2013-14,Hydro-electricity,12072.60
Tasmania,2013-14,Wind b,818.00
Tasmania,2013-14,Solar PV,73.60
Tasmania,2013-14,Solar hotwater,0.30
Tasmania,2014-15,Black coal,360.40
Tasmania,2014-15,Brown coal,0.00
Tasmania,2014-15,Crude oil and NGL,0.00
Tasmania,2014-15,Naturally occurring LPG,0.00
Tasmania,2014-15,Natural gas a,0.00
Tasmania,2014-15,Ethane,0.00
Tasmania,2014-15,Liquid/gas biofuels,0.40
Tasmania,2014-15,Wood,404.40
Tasmania,2014-15,Bagasse,0.00
Tasmania,2014-15,Hydro-electricity,8294.40
Tasmania,2014-15,Wind b,1055.10
Tasmania,2014-15,Solar PV,96.80
Tasmania,2014-15,Solar hotwater,0.30
Tasmania,2015-16,Black coal,360.40
Tasmania,2015-16,Brown coal,0.00
Tasmania,2015-16,Crude oil and NGL,0.00
Tasmania,2015-16,Naturally occurring LPG,0.00
Tasmania,2015-16,Natural gas a,0.00
Tasmania,2015-16,Ethane,0.00
Tasmania,2015-16,Liquid/gas biofuels,0.40
Tasmania,2015-16,Wood,399.80
Tasmania,2015-16,Bagasse,0.00
Tasmania,2015-16,Hydro-electricity,8204.30
Tasmania,2015-16,Wind b,1056.00
Tasmania,2015-16,Solar PV,108.50
Tasmania,2015-16,Solar hotwater,0.30
Tasmania,2016-17,Black coal,360.40
Tasmania,2016-17,Brown coal,0.00
Tasmania,2016-17,Crude oil and NGL,0.00
Tasmania,2016-17,Naturally occurring LPG,0.00
Tasmania,2016-17,Natural gas a,0.00
Tasmania,2016-17,Ethane,0.00
Tasmania,2016-17,Liquid/gas biofuels,0.30
Tasmania,2016-17,Wood,402.20
Tasmania,2016-17,Bagasse,0.00
Tasmania,2016-17,Hydro-electricity,8432.70
Tasmania,2016-17,Wind b,1104.80
Tasmania,2016-17,Solar PV,121.90
Tasmania,2016-17,Solar hotwater,0.30
Tasmania,2017-18,Black coal,360.40
Tasmania,2017-18,Brown coal,0.00
Tasmania,2017-18,Crude oil and NGL,0.00
Tasmania,2017-18,Naturally occurring LPG,0.00
Tasmania,2017-18,Natural gas a,0.00
Tasmania,2017-18,Ethane,0.00
Tasmania,2017-18,Liquid/gas biofuels,0.30
Tasmania,2017-18,Wood,414.50
Tasmania,2017-18,Bagasse,0.00
Tasmania,2017-18,Hydro-electricity,9428.90
Tasmania,2017-18,Wind b,1147.80
Tasmania,2017-18,Solar PV,139.50
Tasmania,2017-18,Solar hotwater,0.40
Tasmania,2018-19,Black coal,360.40
Tasmania,2018-19,Brown coal,0.00
Tasmania,2018-19,Crude oil and NGL,0.00
Tasmania,2018-19,Naturally occurring LPG,0.00
Tasmania,2018-19,Natural gas a,0.00
Tasmania,2018-19,Ethane,0.00
Tasmania,2018-19,Liquid/gas biofuels,0.30
Tasmania,2018-19,Wood,357.60
Tasmania,2018-19,Bagasse,0.00
Tasmania,2018-19,Hydro-electricity,9821.10
Tasmania,2018-19,Wind b,1147.20
Tasmania,2018-19,Solar PV,163.30
Tasmania,2018-19,Solar hotwater,0.40
Tasmania,2019-20,Black coal,360.40
Tasmania,2019-20,Brown coal,0.00
Tasmania,2019-20,Crude oil and NGL,0.00
Tasmania,2019-20,Naturally occurring LPG,0.00
Tasmania,2019-20,Natural gas a,0.00
Tasmania,2019-20,Ethane,0.00
Tasmania,2019-20,Liquid/gas biofuels,0.30
Tasmania,2019-20,Wood,340.60
Tasmania,2019-20,Bagasse,0.00
Tasmania,2019-20,Hydro-electricity,9878.30
Tasmania,2019-20,Wind b,1362.00
Tasmania,2019-20,Solar PV,189.90
Tasmania,2019-20,Solar hotwater,0.40
Tasmania,2020-21,Black coal,360.40
Tasmania,2020-21,Brown coal,0.00
Tasmania,2020-21,Crude oil and NGL,0.00
Tasmania,2020-21,Naturally occurring LPG,0.00
Tasmania,2020-21,Natural gas a,0.00
Tasmania,2020-21,Ethane,0.00
Tasmania,2020-21,Liquid/gas biofuels,0.30
Tasmania,2020-21,Wood,335.60
Tasmania,2020-21,Bagasse,0.00
Tasmania,2020-21,Hydro-electricity,8301.90
Tasmania,2020-21,Wind b,1815.30
Tasmania,2020-21,Solar PV,221.70
Tasmania,2020-21,Solar hotwater,0.40
Tasmania,2021-22,Black coal,360.40
Tasmania,2021-22,Brown coal,0.00
Tasmania,2021-22,Crude oil and NGL,0.00
Tasmania,2021-22,Naturally occurring LPG,0.00
Tasmania,2021-22,Natural gas a,0.00
Tasmania,2021-22,Ethane,0.00
Tasmania,2021-22,Liquid/gas biofuels,0.40
Tasmania,2021-22,Wood,318.60
Tasmania,2021-22,Bagasse,0.00
Tasmania,2021-22,Hydro-electricity,9709.60
Tasmania,2021-22,Wind b,1789.20
Tasmania,2021-22,Solar PV,258.50
Tasmania,2021-22,Solar hotwater,0.50
Tasmania,2022-23,Black coal,360.40
Tasmania,2022-23,Brown coal,0.00
Tasmania,2022-23,Crude oil and NGL,0.00
Tasmania,2022-23,Naturally occurring LPG,0.00
Tasmania,2022-23,Natural gas a,0.00
Tasmania,2022-23,Ethane,0.00
Tasmania,2022-23,Liquid/gas biofuels,0.40
Tasmania,2022-23,Wood,325.90
Tasmania,2022-23,Bagasse,0.00
Tasmania,2022-23,Hydro-electricity,8359.80
Tasmania,2022-23,Wind b,1805.30
Tasmania,2022-23,Solar PV,301.50
Tasmania,2022-23,Solar hotwater,0.50
Northern Territory,2000-01,Black coal,0.00
Northern Territory,2000-01,Brown coal,0.00
Northern Territory,2000-01,Crude oil and NGL,9682.00
Northern Territory,2000-01,Naturally occurring LPG,0.00
Northern Territory,2000-01,Natural gas a,529.00
Northern Territory,2000-01,Ethane,0.00
Northern Territory,2000-01,Liquid/gas biofuels,0.00
Northern Territory,2000-01,Wood,10.00
Northern Territory,2000-01,Bagasse,0.00
Northern Territory,2000-01,Hydro-electricity,0.00
Northern Territory,2000-01,Wind b,0.00
Northern Territory,2000-01,Solar PV,0.00
Northern Territory,2000-01,Solar hotwater,0.00
Northern Territory,2001-02,Black coal,0.00
Northern Territory,2001-02,Brown coal,0.00
Northern Territory,2001-02,Crude oil and NGL,6059.00
Northern Territory,2001-02,Naturally occurring LPG,0.00
Northern Territory,2001-02,Natural gas a,540.00
Northern Territory,2001-02,Ethane,0.00
Northern Territory,2001-02,Liquid/gas biofuels,0.00
Northern Territory,2001-02,Wood,6.00
Northern Territory,2001-02,Bagasse,0.00
Northern Territory,2001-02,Hydro-electricity,0.00
Northern Territory,2001-02,Wind b,0.00
Northern Territory,2001-02,Solar PV,0.00
Northern Territory,2001-02,Solar hotwater,0.00
Northern Territory,2002-03,Black coal,0.00
Northern Territory,2002-03,Brown coal,0.00
Northern Territory,2002-03,Crude oil and NGL,4977.10
Northern Territory,2002-03,Naturally occurring LPG,0.00
Northern Territory,2002-03,Natural gas a,452.40
Northern Territory,2002-03,Ethane,0.00
Northern Territory,2002-03,Liquid/gas biofuels,0.10
Northern Territory,2002-03,Wood,5.60
Northern Territory,2002-03,Bagasse,0.00
Northern Territory,2002-03,Hydro-electricity,0.00
Northern Territory,2002-03,Wind b,0.00
Northern Territory,2002-03,Solar PV,0.00
Northern Territory,2002-03,Solar hotwater,0.10
Northern Territory,2003-04,Black coal,0.00
Northern Territory,2003-04,Brown coal,0.00
Northern Territory,2003-04,Crude oil and NGL,2647.60
Northern Territory,2003-04,Naturally occurring LPG,0.00
Northern Territory,2003-04,Natural gas a,423.60
Northern Territory,2003-04,Ethane,0.00
Northern Territory,2003-04,Liquid/gas biofuels,0.10
Northern Territory,2003-04,Wood,5.40
Northern Territory,2003-04,Bagasse,0.00
Northern Territory,2003-04,Hydro-electricity,0.00
Northern Territory,2003-04,Wind b,0.00
Northern Territory,2003-04,Solar PV,0.00
Northern Territory,2003-04,Solar hotwater,0.10
Northern Territory,2004-05,Black coal,0.00
Northern Territory,2004-05,Brown coal,0.00
Northern Territory,2004-05,Crude oil and NGL,1928.00
Northern Territory,2004-05,Naturally occurring LPG,0.00
Northern Territory,2004-05,Natural gas a,479.40
Northern Territory,2004-05,Ethane,0.00
Northern Territory,2004-05,Liquid/gas biofuels,0.10
Northern Territory,2004-05,Wood,5.20
Northern Territory,2004-05,Bagasse,0.00
Northern Territory,2004-05,Hydro-electricity,0.00
Northern Territory,2004-05,Wind b,0.00
Northern Territory,2004-05,Solar PV,0.00
Northern Territory,2004-05,Solar hotwater,0.10
Northern Territory,2005-06,Black coal,0.00
Northern Territory,2005-06,Brown coal,0.00
Northern Territory,2005-06,Crude oil and NGL,1456.40
Northern Territory,2005-06,Naturally occurring LPG,0.00
Northern Territory,2005-06,Natural gas a,493.80
Northern Territory,2005-06,Ethane,0.00
Northern Territory,2005-06,Liquid/gas biofuels,0.10
Northern Territory,2005-06,Wood,5.00
Northern Territory,2005-06,Bagasse,0.00
Northern Territory,2005-06,Hydro-electricity,0.00
Northern Territory,2005-06,Wind b,0.00
Northern Territory,2005-06,Solar PV,0.00
Northern Territory,2005-06,Solar hotwater,0.10
Northern Territory,2006-07,Black coal,0.00
Northern Territory,2006-07,Brown coal,0.00
Northern Territory,2006-07,Crude oil and NGL,1524.50
Northern Territory,2006-07,Naturally occurring LPG,0.00
Northern Territory,2006-07,Natural gas a,531.80
Northern Territory,2006-07,Ethane,0.00
Northern Territory,2006-07,Liquid/gas biofuels,0.10
Northern Territory,2006-07,Wood,4.90
Northern Territory,2006-07,Bagasse,0.00
Northern Territory,2006-07,Hydro-electricity,0.00
Northern Territory,2006-07,Wind b,0.00
Northern Territory,2006-07,Solar PV,0.00
Northern Territory,2006-07,Solar hotwater,0.20
Northern Territory,2007-08,Black coal,0.00
Northern Territory,2007-08,Brown coal,0.00
Northern Territory,2007-08,Crude oil and NGL,882.20
Northern Territory,2007-08,Naturally occurring LPG,0.00
Northern Territory,2007-08,Natural gas a,541.40
Northern Territory,2007-08,Ethane,0.00
Northern Territory,2007-08,Liquid/gas biofuels,0.10
Northern Territory,2007-08,Wood,4.70
Northern Territory,2007-08,Bagasse,0.00
Northern Territory,2007-08,Hydro-electricity,0.00
Northern Territory,2007-08,Wind b,0.00
Northern Territory,2007-08,Solar PV,0.00
Northern Territory,2007-08,Solar hotwater,0.20
Northern Territory,2008-09,Black coal,0.00
Northern Territory,2008-09,Brown coal,0.00
Northern Territory,2008-09,Crude oil and NGL,866.40
Northern Territory,2008-09,Naturally occurring LPG,0.00
Northern Territory,2008-09,Natural gas a,536.60
Northern Territory,2008-09,Ethane,0.00
Northern Territory,2008-09,Liquid/gas biofuels,0.10
Northern Territory,2008-09,Wood,4.50
Northern Territory,2008-09,Bagasse,0.00
Northern Territory,2008-09,Hydro-electricity,0.00
Northern Territory,2008-09,Wind b,0.00
Northern Territory,2008-09,Solar PV,0.50
Northern Territory,2008-09,Solar hotwater,0.20
Northern Territory,2009-10,Black coal,0.00
Northern Territory,2009-10,Brown coal,0.00
Northern Territory,2009-10,Crude oil and NGL,1068.80
Northern Territory,2009-10,Naturally occurring LPG,0.00
Northern Territory,2009-10,Natural gas a,511.80
Northern Territory,2009-10,Ethane,0.00
Northern Territory,2009-10,Liquid/gas biofuels,0.10
Northern Territory,2009-10,Wood,4.30
Northern Territory,2009-10,Bagasse,0.00
Northern Territory,2009-10,Hydro-electricity,0.00
Northern Territory,2009-10,Wind b,0.00
Northern Territory,2009-10,Solar PV,4.30
Northern Territory,2009-10,Solar hotwater,0.30
Northern Territory,2010-11,Black coal,0.00
Northern Territory,2010-11,Brown coal,0.00
Northern Territory,2010-11,Crude oil and NGL,570.90
Northern Territory,2010-11,Naturally occurring LPG,0.00
Northern Territory,2010-11,Natural gas a,335.40
Northern Territory,2010-11,Ethane,0.00
Northern Territory,2010-11,Liquid/gas biofuels,0.10
Northern Territory,2010-11,Wood,4.10
Northern Territory,2010-11,Bagasse,0.00
Northern Territory,2010-11,Hydro-electricity,0.00
Northern Territory,2010-11,Wind b,0.00
Northern Territory,2010-11,Solar PV,5.60
Northern Territory,2010-11,Solar hotwater,0.30
Northern Territory,2011-12,Black coal,0.00
Northern Territory,2011-12,Brown coal,0.00
Northern Territory,2011-12,Crude oil and NGL,2102.20
Northern Territory,2011-12,Naturally occurring LPG,0.00
Northern Territory,2011-12,Natural gas a,316.20
Northern Territory,2011-12,Ethane,0.00
Northern Territory,2011-12,Liquid/gas biofuels,0.10
Northern Territory,2011-12,Wood,4.10
Northern Territory,2011-12,Bagasse,0.00
Northern Territory,2011-12,Hydro-electricity,0.00
Northern Territory,2011-12,Wind b,0.00
Northern Territory,2011-12,Solar PV,9.70
Northern Territory,2011-12,Solar hotwater,0.30
Northern Territory,2012-13,Black coal,0.00
Northern Territory,2012-13,Brown coal,0.00
Northern Territory,2012-13,Crude oil and NGL,1986.70
Northern Territory,2012-13,Naturally occurring LPG,0.00
Northern Territory,2012-13,Natural gas a,694.00
Northern Territory,2012-13,Ethane,0.00
Northern Territory,2012-13,Liquid/gas biofuels,0.10
Northern Territory,2012-13,Wood,4.10
Northern Territory,2012-13,Bagasse,0.00
Northern Territory,2012-13,Hydro-electricity,0.00
Northern Territory,2012-13,Wind b,0.00
Northern Territory,2012-13,Solar PV,16.90
Northern Territory,2012-13,Solar hotwater,0.30
Northern Territory,2013-14,Black coal,0.00
Northern Territory,2013-14,Brown coal,0.00
Northern Territory,2013-14,Crude oil and NGL,1488.00
Northern Territory,2013-14,Naturally occurring LPG,0.00
Northern Territory,2013-14,Natural gas a,836.80
Northern Territory,2013-14,Ethane,0.00
Northern Territory,2013-14,Liquid/gas biofuels,0.10
Northern Territory,2013-14,Wood,3.60
Northern Territory,2013-14,Bagasse,0.00
Northern Territory,2013-14,Hydro-electricity,0.00
Northern Territory,2013-14,Wind b,0.00
Northern Territory,2013-14,Solar PV,24.40
Northern Territory,2013-14,Solar hotwater,0.30
Northern Territory,2014-15,Black coal,0.00
Northern Territory,2014-15,Brown coal,0.00
Northern Territory,2014-15,Crude oil and NGL,1766.70
Northern Territory,2014-15,Naturally occurring LPG,0.00
Northern Territory,2014-15,Natural gas a,962.80
Northern Territory,2014-15,Ethane,0.00
Northern Territory,2014-15,Liquid/gas biofuels,0.10
Northern Territory,2014-15,Wood,3.60
Northern Territory,2014-15,Bagasse,0.00
Northern Territory,2014-15,Hydro-electricity,0.00
Northern Territory,2014-15,Wind b,0.00
Northern Territory,2014-15,Solar PV,35.30
Northern Territory,2014-15,Solar hotwater,0.40
Northern Territory,2015-16,Black coal,0.00
Northern Territory,2015-16,Brown coal,0.00
Northern Territory,2015-16,Crude oil and NGL,1275.60
Northern Territory,2015-16,Naturally occurring LPG,0.00
Northern Territory,2015-16,Natural gas a,1423.80
Northern Territory,2015-16,Ethane,0.00
Northern Territory,2015-16,Liquid/gas biofuels,0.10
Northern Territory,2015-16,Wood,3.40
Northern Territory,2015-16,Bagasse,0.00
Northern Territory,2015-16,Hydro-electricity,0.00
Northern Territory,2015-16,Wind b,0.00
Northern Territory,2015-16,Solar PV,51.00
Northern Territory,2015-16,Solar hotwater,0.40
Northern Territory,2016-17,Black coal,0.00
Northern Territory,2016-17,Brown coal,0.00
Northern Territory,2016-17,Crude oil and NGL,827.20
Northern Territory,2016-17,Naturally occurring LPG,0.00
Northern Territory,2016-17,Natural gas a,1273.40
Northern Territory,2016-17,Ethane,0.00
Northern Territory,2016-17,Liquid/gas biofuels,0.10
Northern Territory,2016-17,Wood,3.30
Northern Territory,2016-17,Bagasse,0.00
Northern Territory,2016-17,Hydro-electricity,0.00
Northern Territory,2016-17,Wind b,0.00
Northern Territory,2016-17,Solar PV,79.70
Northern Territory,2016-17,Solar hotwater,0.40
Northern Territory,2017-18,Black coal,0.00
Northern Territory,2017-18,Brown coal,0.00
Northern Territory,2017-18,Crude oil and NGL,734.80
Northern Territory,2017-18,Naturally occurring LPG,0.00
Northern Territory,2017-18,Natural gas a,1368.00
Northern Territory,2017-18,Ethane,0.00
Northern Territory,2017-18,Liquid/gas biofuels,0.10
Northern Territory,2017-18,Wood,3.30
Northern Territory,2017-18,Bagasse,0.00
Northern Territory,2017-18,Hydro-electricity,0.00
Northern Territory,2017-18,Wind b,0.00
Northern Territory,2017-18,Solar PV,116.30
Northern Territory,2017-18,Solar hotwater,0.40
Northern Territory,2018-19,Black coal,0.00
Northern Territory,2018-19,Brown coal,0.00
Northern Territory,2018-19,Crude oil and NGL,694.20
Northern Territory,2018-19,Naturally occurring LPG,982.90
Northern Territory,2018-19,Natural gas a,8660.20
Northern Territory,2018-19,Ethane,0.00
Northern Territory,2018-19,Liquid/gas biofuels,0.10
Northern Territory,2018-19,Wood,3.30
Northern Territory,2018-19,Bagasse,0.00
Northern Territory,2018-19,Hydro-electricity,0.00
Northern Territory,2018-19,Wind b,0.00
Northern Territory,2018-19,Solar PV,150.50
Northern Territory,2018-19,Solar hotwater,0.40
Northern Territory,2019-20,Black coal,0.00
Northern Territory,2019-20,Brown coal,0.00
Northern Territory,2019-20,Crude oil and NGL,615.60
Northern Territory,2019-20,Naturally occurring LPG,2961.30
Northern Territory,2019-20,Natural gas a,15899.00
Northern Territory,2019-20,Ethane,0.00
Northern Territory,2019-20,Liquid/gas biofuels,0.10
Northern Territory,2019-20,Wood,3.40
Northern Territory,2019-20,Bagasse,0.00
Northern Territory,2019-20,Hydro-electricity,0.00
Northern Territory,2019-20,Wind b,0.00
Northern Territory,2019-20,Solar PV,201.50
Northern Territory,2019-20,Solar hotwater,0.40
Northern Territory,2020-21,Black coal,0.00
Northern Territory,2020-21,Brown coal,0.00
Northern Territory,2020-21,Crude oil and NGL,500.10
Northern Territory,2020-21,Naturally occurring LPG,2612.20
Northern Territory,2020-21,Natural gas a,14900.60
Northern Territory,2020-21,Ethane,0.00
Northern Territory,2020-21,Liquid/gas biofuels,0.10
Northern Territory,2020-21,Wood,3.10
Northern Territory,2020-21,Bagasse,0.00
Northern Territory,2020-21,Hydro-electricity,0.00
Northern Territory,2020-21,Wind b,0.00
Northern Territory,2020-21,Solar PV,248.20
Northern Territory,2020-21,Solar hotwater,0.40
Northern Territory,2021-22,Black coal,0.00
Northern Territory,2021-22,Brown coal,0.00
Northern Territory,2021-22,Crude oil and NGL,506.50
Northern Territory,2021-22,Naturally occurring LPG,3343.40
Northern Territory,2021-22,Natural gas a,17396.50
Northern Territory,2021-22,Ethane,0.00
Northern Territory,2021-22,Liquid/gas biofuels,0.10
Northern Territory,2021-22,Wood,3.00
Northern Territory,2021-22,Bagasse,0.00
Northern Territory,2021-22,Hydro-electricity,0.00
Northern Territory,2021-22,Wind b,0.00
Northern Territory,2021-22,Solar PV,277.00
Northern Territory,2021-22,Solar hotwater,0.50
Northern Territory,2022-23,Black coal,0.00
Northern Territory,2022-23,Brown coal,0.00
Northern Territory,2022-23,Crude oil and NGL,142.90
Northern Territory,2022-23,Naturally occurring LPG,2747.80
Northern Territory,2022-23,Natural gas a,14475.00
Northern Territory,2022-23,Ethane,0.00
Northern Territory,2022-23,Liquid/gas biofuels,0.10
Northern Territory,2022-23,Wood,3.00
Northern Territory,2022-23,Bagasse,0.00
Northern Territory,2022-23,Hydro-electricity,0.00
Northern Territory,2022-23,Wind b,0.00
Northern Territory,2022-23,Solar PV,310.20
Northern Territory,2022-23,Solar hotwater,0.50
